"","x"
"1","X1.35896192_T"
"2","X12.14428148_A"
"3","X1.36296104_C"
"4","X12.14382069_G"
"5","X12.14296929_T"
"6","X1.26394037_A"
"7","X12.14097384_A"
"8","X4.26943973_T"
"9","X11.21496769_G"
"10","X12.14037790_A"
"11","X6.30492502_T"
"12","X11.31504288_C"
"13","X12.14053335_C"
"14","X1.14320114_C"
"15","X12.14066769_G"
"16","X11.3236336_C"
"17","X1.14246300_G"
"18","X12.13998080_C"
"19","X11.31545369_C"
"20","X11.31575085_T"
"21","X12.14140442_G"
"22","X8.19729549_G"
"23","X11.31558324_T"
"24","X12.14478462_C"
"25","X12.14488658_A"
"26","X11.31465034_C"
"27","X1.14360483_A"
"28","X12.14439839_C"
"29","X1.35810853_T"
"30","X12.14035365_T"
"31","X12.14356814_C"
"32","X12.14135411_A"
"33","X12.14501946_C"
"34","X12.14483256_C"
"35","X6.1457389_G"
"36","X12.14298522_G"
"37","X12.14363930_C"
"38","X1.26390943_G"
"39","X12.14486536_G"
"40","X12.14489998_G"
"41","X12.14515843_G"
"42","X12.14002571_C"
"43","X12.14399316_T"
"44","X11.31408720_G"
"45","X12.14435701_C"
"46","X12.14507121_C"
"47","X12.14301986_C"
"48","X12.14119793_G"
"49","X12.14138363_G"
"50","X3.32611439_T"
"51","X12.13967603_C"
"52","X6.1464597_C"
"53","X12.14015958_G"
"54","X12.14376378_G"
"55","X12.14411207_C"
"56","X12.14262942_G"
"57","X1.14342401_T"
"58","X12.14271983_C"
"59","X12.14360444_C"
"60","X12.14081608_T"
"61","X6.1449009_C"
"62","X12.14290455_C"
"63","X12.14451885_C"
"64","X12.13981320_G"
"65","X11.31416781_G"
"66","X12.13976764_G"
"67","X12.14517562_C"
"68","X12.14349214_G"
"69","X12.14456765_C"
"70","X12.14493548_C"
"71","X12.14069440_G"
"72","X12.14094076_A"
"73","X12.14454747_G"
"74","X12.14126470_G"
"75","X6.1442254_C"
"76","X5.6545990_A"
"77","X12.14224399_T"
"78","X12.14269470_G"
"79","X12.14008496_G"
"80","X12.14062676_G"
"81","X12.14445100_A"
"82","X12.14374267_C"
"83","X1.14392966_G"
"84","X1.14361830_T"
"85","X1.14362957_A"
"86","X1.14365173_G"
"87","X1.14375761_C"
"88","X1.14378189_G"
"89","X5.6553017_A"
"90","X12.14083805_G"
"91","X12.14045226_T"
"92","X1.14385707_G"
"93","X1.14397395_C"
"94","X12.14033702_T"
"95","X12.14389949_G"
"96","X12.14415686_G"
"97","X5.6557723_A"
"98","X8.10035176_G"
"99","X12.14448563_C"
"100","X12.14354662_G"
"101","X8.18579061_C"
"102","X12.14142978_A"
"103","X11.31563643_T"
"104","X12.14510652_G"
"105","X1.14388636_A"
"106","X12.14091192_C"
"107","X12.14461620_G"
"108","X10.18803297_C"
"109","X1.14351641_C"
"110","X12.14420414_G"
"111","X12.14464156_T"
"112","X1.14390598_T"
"113","X1.39621574_A"
"114","X6.32061897_G"
"115","X12.14013778_C"
"116","X11.21502861_A"
"117","X5.6538990_C"
"118","X11.31445654_G"
"119","X10.18787355_A"
"120","X7.18398163_T"
"121","X12.13878251_A"
"122","X10.18797758_G"
"123","X8.18635120_C"
"124","X8.28027752_T"
"125","X12.14237794_G"
"126","X1.26280975_G"
"127","X6.19176034_T"
"128","X5.1300167_C"
"129","X1.10972631_A"
"130","X10.18806295_T"
"131","X11.21471642_G"
"132","X1.36323853_A"
"133","X8.28373075_T"
"134","X6.19880770_C"
"135","X8.18609533_C"
"136","X7.18433334_A"
"137","X12.14431344_C"
"138","X11.3271020_C"
"139","X11.31512576_C"
"140","X10.18778847_C"
"141","X6.1995388_G"
"142","X8.25493255_A"
"143","X10.18824086_C"
"144","X8.19067263_C"
"145","X5.6563645_A"
"146","X12.14089788_T"
"147","X11.21566521_G"
"148","X10.18781809_C"
"149","X10.14340037_T"
"150","X10.18828017_C"
"151","X5.6568573_A"
"152","X5.6578508_T"
"153","X5.6582862_C"
"154","X5.6609402_T"
"155","X5.6613611_A"
"156","X11.31527133_G"
"157","X6.19610402_T"
"158","X6.19468378_T"
"159","X7.18460143_T"
"160","X5.6607566_G"
"161","X1.14322353_A"
"162","X5.6603848_A"
"163","X6.6030055_C"
"164","X11.3258843_G"
"165","X11.31554182_C"
"166","X12.20222557_T"
"167","X8.18599657_C"
"168","X7.18204266_T"
"169","X12.14226532_T"
"170","X7.18425656_A"
"171","X2.28207051_A"
"172","X8.9069613_G"
"173","X7.18199239_A"
"174","X11.5370935_T"
"175","X10.14302877_T"
"176","X6.6052546_A"
"177","X1.43306480_G"
"178","X4.4283106_G"
"179","X11.31580891_G"
"180","X6.19171200_G"
"181","X8.3938552_T"
"182","X6.6022449_A"
"183","X6.28268861_A"
"184","X5.30764453_A"
"185","X8.18699450_G"
"186","X1.12262132_G"
"187","X10.18767621_C"
"188","X8.9080324_C"
"189","X11.21102453_G"
"190","X6.6060404_G"
"191","X6.6038035_A"
"192","X6.6042444_T"
"193","X6.6040884_C"
"194","X9.13022373_T"
"195","X8.19616823_A"
"196","X8.9082233_G"
"197","X6.19901615_T"
"198","X6.19616855_C"
"199","X1.35932952_C"
"200","X6.19172507_G"
"201","X8.16395458_T"
"202","X6.1903238_C"
"203","X1.23691111_A"
"204","X5.6593577_A"
"205","X1.13134373_G"
"206","X12.13932607_T"
"207","X12.14346990_C"
"208","X11.21158039_C"
"209","X12.14122685_A"
"210","X6.19633062_G"
"211","X3.34471376_G"
"212","X8.16365930_A"
"213","X9.11964730_T"
"214","X4.31294654_G"
"215","X8.14040826_T"
"216","X1.12918759_T"
"217","X12.14827552_C"
"218","X8.16403062_C"
"219","X1.12440284_T"
"220","X5.1280874_G"
"221","X12.13796016_A"
"222","X5.6597693_G"
"223","X4.2429974_T"
"224","X1.3617711_A"
"225","X3.5999473_A"
"226","X6.19614817_T"
"227","X12.14781038_G"
"228","X2.17440534_A"
"229","X6.32086036_G"
"230","X8.18738295_T"
"231","X5.30781655_C"
"232","X8.11385377_T"
"233","X1.35915413_G"
"234","X12.14828999_A"
"235","X8.11955386_A"
"236","X1.23709337_A"
"237","X6.19178801_A"
"238","X11.21640946_C"
"239","X1.3720267_A"
"240","X1.23680563_G"
"241","X11.21145946_T"
"242","X4.25240425_T"
"243","X8.11533585_T"
"244","X8.11949889_A"
"245","X8.11179418_T"
"246","X9.11883409_C"
"247","X6.26014801_T"
"248","X11.3335607_T"
"249","X8.12210161_A"
"250","X6.19629603_C"
"251","X8.12220504_A"
"252","X12.15405107_A"
"253","X12.14778331_C"
"254","X1.23659179_G"
"255","X12.14822633_A"
"256","X1.26274515_G"
"257","X9.11816776_C"
"258","X8.9589225_C"
"259","X1.23656641_G"
"260","X5.26056022_T"
"261","X8.9637123_T"
"262","X6.19873548_C"
"263","X4.30367114_C"
"264","X6.32053401_C"
"265","X6.1867574_C"
"266","X11.21334755_G"
"267","X6.26008652_T"
"268","X6.25987203_C"
"269","X11.21597627_G"
"270","X6.25974090_T"
"271","X6.25984502_T"
"272","X6.26000436_A"
"273","X1.14439811_A"
"274","X6.19876441_G"
"275","X1.23667734_G"
"276","X1.14432683_G"
"277","X7.17679025_A"
"278","X6.26011156_C"
"279","X6.25991692_A"
"280","X1.35858509_A"
"281","X1.35862177_C"
"282","X1.29439418_A"
"283","X12.22159637_T"
"284","X8.9070442_A"
"285","X12.14830960_T"
"286","X1.23694906_A"
"287","X10.14927683_C"
"288","X1.23702064_C"
"289","X1.23687360_C"
"290","X2.17095766_A"
"291","X12.14745087_T"
"292","X6.31770119_A"
"293","X1.23674413_C"
"294","X11.21601089_G"
"295","X9.6582433_A"
"296","X8.18771721_G"
"297","X1.36005413_G"
"298","X11.21603224_T"
"299","X11.21607305_A"
"300","X12.14739469_G"
"301","X1.29814724_C"
"302","X6.19182036_G"
"303","X12.14819008_A"
"304","X1.28193351_G"
"305","X1.23736724_C"
"306","X10.15590945_A"
"307","X12.16865494_C"
"308","X11.21598351_G"
"309","X8.11724373_T"
"310","X8.5199319_A"
"311","X10.22616521_T"
"312","X11.21660503_G"
"313","X8.20935621_A"
"314","X1.23720726_G"
"315","X11.21633694_C"
"316","X12.8045068_A"
"317","X1.12293616_T"
"318","X8.19607841_T"
"319","X12.13756299_A"
"320","X11.3550355_A"
"321","X12.14742042_G"
"322","X8.11671546_G"
"323","X11.21612771_G"
"324","X6.25996262_C"
"325","X12.14733851_G"
"326","X12.14707425_G"
"327","X1.43606611_A"
"328","X2.17422698_A"
"329","X9.13063676_C"
"330","X11.21623578_A"
"331","X11.3555210_G"
"332","X5.6600111_G"
"333","X12.14705078_G"
"334","X1.23762475_T"
"335","X1.23713924_T"
"336","X9.19900858_A"
"337","X1.14449002_A"
"338","X11.3542160_G"
"339","X2.21346365_A"
"340","X8.11250830_A"
"341","X12.13902570_T"
"342","X8.16095591_C"
"343","X1.14421947_G"
"344","X9.11904784_A"
"345","X12.18010014_A"
"346","X6.4047223_C"
"347","X9.17894926_A"
"348","X6.26007451_T"
"349","X11.3588950_G"
"350","X6.19463835_A"
"351","X12.16857767_A"
"352","X8.20930885_A"
"353","X1.21214645_C"
"354","X1.14481201_C"
"355","X11.28571337_T"
"356","X1.43628430_T"
"357","X4.30358134_G"
"358","X8.9369512_A"
"359","X8.9370350_A"
"360","X12.14550852_T"
"361","X11.21285929_C"
"362","X6.1500611_G"
"363","X12.24583897_A"
"364","X11.28738494_G"
"365","X10.24037089_A"
"366","X1.12183048_A"
"367","X8.16079305_T"
"368","X12.14706458_G"
"369","X12.24034781_A"
"370","X9.11825950_A"
"371","X4.31103936_G"
"372","X1.4624214_C"
"373","X6.31266856_G"
"374","X9.11931442_G"
"375","X12.14705356_C"
"376","X1.14469977_G"
"377","X9.11879556_A"
"378","X11.3560685_G"
"379","X2.53551_A"
"380","X1.43286508_T"
"381","X12.17118236_A"
"382","X8.9063033_G"
"383","X7.22821811_A"
"384","X10.14576061_C"
"385","X1.4604795_C"
"386","X1.4611559_C"
"387","X1.4648761_A"
"388","X1.4635890_A"
"389","X11.21214760_C"
"390","X8.9044466_A"
"391","X8.20927372_A"
"392","X10.14809869_T"
"393","X8.9037480_T"
"394","X8.8964646_A"
"395","X11.3548622_A"
"396","X6.5991597_A"
"397","X8.15216226_C"
"398","X3.30179523_C"
"399","X4.34245671_C"
"400","X1.25413117_G"
"401","X6.19934762_C"
"402","X8.19150169_C"
"403","X8.20926060_T"
"404","X5.24217490_T"
"405","X1.41909043_G"
"406","X6.5980904_G"
"407","X12.14771465_G"
"408","X12.14629872_G"
"409","X6.19929564_C"
"410","X11.21293434_T"
"411","X11.21320751_G"
"412","X8.19616665_T"
"413","X1.14455404_C"
"414","X8.23797864_A"
"415","X1.21534852_T"
"416","X6.19911668_G"
"417","X12.16854142_A"
"418","X1.14569057_G"
"419","X1.4619208_T"
"420","X9.11265630_A"
"421","X12.13853589_A"
"422","X12.13885743_A"
"423","X1.4596729_A"
"424","X11.21298694_G"
"425","X8.5856482_C"
"426","X6.31263370_G"
"427","X3.28007148_C"
"428","X10.14441586_C"
"429","X9.11889643_T"
"430","X9.11898828_T"
"431","X9.11915780_A"
"432","X9.11918495_A"
"433","X11.3544874_A"
"434","X6.19939373_T"
"435","X12.14710864_T"
"436","X12.14712125_G"
"437","X10.14391565_C"
"438","X3.38043496_A"
"439","X8.19615014_T"
"440","X1.14410208_A"
"441","X8.12193805_G"
"442","X11.1550538_T"
"443","X1.16752780_G"
"444","X1.14763306_T"
"445","X8.19592271_G"
"446","X12.16181571_G"
"447","X1.43303364_A"
"448","X8.9410784_A"
"449","X8.9113746_G"
"450","X6.23877288_G"
"451","X8.26451743_C"
"452","X11.21291097_T"
"453","X1.43299560_T"
"454","X12.16828217_C"
"455","X1.43293838_T"
"456","X6.1802270_G"
"457","X9.11910264_A"
"458","X9.11258606_T"
"459","X11.21263153_G"
"460","X11.5064043_T"
"461","X10.24281039_A"
"462","X12.14630797_T"
"463","X7.18345309_A"
"464","X9.11820238_T"
"465","X8.21773929_A"
"466","X1.14563754_G"
"467","X12.13881024_C"
"468","X5.28974569_T"
"469","X3.12093686_T"
"470","X8.22396585_G"
"471","X8.14026873_T"
"472","X3.14878360_G"
"473","X1.22633907_C"
"474","X6.31778920_T"
"475","X8.16081443_C"
"476","X12.14749863_T"
"477","X9.6278835_T"
"478","X7.19425048_T"
"479","X12.13843760_T"
"480","X12.13847113_A"
"481","X12.13867675_T"
"482","X12.13934246_A"
"483","X12.13941833_T"
"484","X6.19608029_G"
"485","X12.24481004_A"
"486","X2.37104312_T"
"487","X8.9490404_T"
"488","X8.9503813_G"
"489","X8.9509527_T"
"490","X8.9516506_A"
"491","X1.14579073_G"
"492","X8.18984134_A"
"493","X1.23875437_C"
"494","X6.19945024_T"
"495","X7.19449261_T"
"496","X1.3676026_C"
"497","X11.3557110_A"
"498","X10.14269586_G"
"499","X3.17594608_T"
"500","X12.13931316_A"
"501","X6.31762550_A"
"502","X8.20910374_A"
"503","X1.3683332_T"
"504","X1.16515185_A"
"505","X11.21313902_C"
"506","X1.16992415_A"
"507","X12.13747689_T"
"508","X8.18965452_A"
"509","X8.9110756_G"
"510","X11.21223962_G"
"511","X9.11818346_A"
"512","X1.17109825_A"
"513","X12.14775217_A"
"514","X6.1811390_T"
"515","X3.17583955_A"
"516","X8.9059215_G"
"517","X12.16243283_G"
"518","X10.14492444_G"
"519","X1.26225130_T"
"520","X8.15810939_C"
"521","X12.13833253_T"
"522","X12.13872588_A"
"523","X8.5705386_T"
"524","X8.8993038_C"
"525","X12.16837612_C"
"526","X1.16687775_C"
"527","X12.14703310_G"
"528","X1.22553145_G"
"529","X4.33878374_G"
"530","X6.463369_A"
"531","X5.6657799_T"
"532","X5.6629931_T"
"533","X4.33904562_G"
"534","X6.32091951_G"
"535","X1.12250659_T"
"536","X3.17622070_C"
"537","X3.24816270_A"
"538","X4.4938717_C"
"539","X1.43685890_A"
"540","X8.9436019_A"
"541","X8.9446687_A"
"542","X8.9469319_C"
"543","X8.9467916_C"
"544","X5.732001_C"
"545","X6.1805926_C"
"546","X12.13809691_T"
"547","X8.9472422_C"
"548","X12.13938028_A"
"549","X1.5783983_C"
"550","X1.3668318_T"
"551","X12.17119556_G"
"552","X12.13869543_A"
"553","X6.1489849_C"
"554","X1.29900602_T"
"555","X8.20941264_A"
"556","X8.27073228_G"
"557","X12.16833986_T"
"558","X1.12118615_G"
"559","X8.9357657_T"
"560","X8.5967098_T"
"561","X8.9107353_T"
"562","X5.18077830_C"
"563","X1.26573334_C"
"564","X1.16774691_C"
"565","X1.41232253_T"
"566","X10.14527616_A"
"567","X3.17606049_G"
"568","X1.14584006_T"
"569","X6.19752528_T"
"570","X1.16849972_T"
"571","X11.3568906_A"
"572","X8.9011879_G"
"573","X5.15407305_A"
"574","X1.28992475_T"
"575","X1.3946407_G"
"576","X1.12165961_G"
"577","X11.5125423_T"
"578","X6.1779590_C"
"579","X1.22041704_G"
"580","X1.16359380_C"
"581","X6.4771618_A"
"582","X1.13170494_T"
"583","X1.26229027_G"
"584","X1.22079799_T"
"585","X1.16064766_G"
"586","X3.17577055_A"
"587","X1.12254402_A"
"588","X1.22648414_C"
"589","X10.22523744_C"
"590","X1.11671817_G"
"591","X1.12128168_T"
"592","X1.17245244_C"
"593","X5.6623286_C"
"594","X9.11881630_T"
"595","X1.20229701_G"
"596","X8.9115284_G"
"597","X1.12126065_C"
"598","X11.31583624_T"
"599","X8.5752365_C"
"600","X6.32020196_A"
"601","X6.31994535_G"
"602","X2.37135970_A"
"603","X9.12984501_A"
"604","X6.20049875_C"
"605","X6.31368294_T"
"606","X12.13983590_A"
"607","X1.17002393_C"
"608","X1.23233195_A"
"609","X1.22059958_A"
"610","X5.445081_G"
"611","X1.22419051_A"
"612","X1.15912368_A"
"613","X11.28763433_T"
"614","X3.24654530_T"
"615","X2.37114993_T"
"616","X1.17816724_G"
"617","X8.5745998_C"
"618","X9.11252965_T"
"619","X6.19868627_C"
"620","X9.11255986_G"
"621","X8.5722267_C"
"622","X1.16197804_G"
"623","X8.10576459_C"
"624","X12.14704168_C"
"625","X12.16843394_T"
"626","X8.5337107_T"
"627","X8.19491439_C"
"628","X3.7135442_A"
"629","X12.14549606_T"
"630","X6.19681440_G"
"631","X10.14352678_G"
"632","X9.11368038_T"
"633","X2.24394703_T"
"634","X10.14699123_C"
"635","X2.24260860_C"
"636","X12.13814655_A"
"637","X8.12080232_C"
"638","X1.22641172_C"
"639","X4.3097710_C"
"640","X9.11751167_A"
"641","X1.16788812_G"
"642","X1.12219938_C"
"643","X1.5772768_C"
"644","X1.5794056_C"
"645","X1.5801380_A"
"646","X1.5807210_T"
"647","X1.5816319_G"
"648","X1.5820424_T"
"649","X1.5827014_C"
"650","X1.5831313_C"
"651","X1.5843235_T"
"652","X1.5850444_C"
"653","X1.5853431_T"
"654","X11.28480385_A"
"655","X1.18333317_G"
"656","X8.19640602_C"
"657","X8.10954487_A"
"658","X12.15417207_C"
"659","X1.12246957_G"
"660","X1.42674069_C"
"661","X4.33931351_A"
"662","X6.1836093_A"
"663","X1.22629268_T"
"664","X8.5973986_T"
"665","X1.22655635_A"
"666","X2.2691895_T"
"667","X1.12199458_C"
"668","X1.17021355_C"
"669","X5.18055126_T"
"670","X6.31433054_A"
"671","X1.40877724_A"
"672","X8.5742087_G"
"673","X8.5744666_A"
"674","X7.13978275_A"
"675","X6.32079465_T"
"676","X1.12153073_G"
"677","X1.12155521_G"
"678","X1.12177720_G"
"679","X6.31426415_C"
"680","X8.5739942_C"
"681","X1.16915706_G"
"682","X6.20021191_A"
"683","X1.11430452_C"
"684","X8.11228156_A"
"685","X1.17957878_C"
"686","X1.15969911_G"
"687","X1.16923225_G"
"688","X1.26432752_T"
"689","X9.11775140_C"
"690","X1.15984904_G"
"691","X12.18347968_T"
"692","X1.16211102_C"
"693","X1.17075683_G"
"694","X11.27393564_T"
"695","X1.12002584_A"
"696","X1.16368476_T"
"697","X10.14989995_C"
"698","X1.18212116_C"
"699","X1.17268293_A"
"700","X1.5748573_T"
"701","X1.5751367_C"
"702","X1.5755017_T"
"703","X1.5762339_C"
"704","X8.13063348_T"
"705","X8.5539465_C"
"706","X8.10523489_T"
"707","X1.16114429_T"
"708","X1.22104870_C"
"709","X1.22045927_A"
"710","X8.19815876_C"
"711","X1.12179761_A"
"712","X8.21424337_T"
"713","X8.5719184_G"
"714","X1.15977724_A"
"715","X1.22011669_C"
"716","X1.17808696_C"
"717","X1.17937370_T"
"718","X8.5129839_A"
"719","X1.17840036_G"
"720","X1.3271569_C"
"721","X1.3276088_C"
"722","X1.3285713_G"
"723","X1.3292971_C"
"724","X1.3298603_C"
"725","X1.3304758_T"
"726","X10.14745142_A"
"727","X1.16463904_G"
"728","X8.10825276_A"
"729","X1.16421942_T"
"730","X1.22586237_C"
"731","X1.42495323_T"
"732","X3.17536309_G"
"733","X1.16902854_G"
"734","X8.13170792_A"
"735","X1.15996588_A"
"736","X1.16586506_T"
"737","X1.18140175_G"
"738","X1.42672743_G"
"739","X1.18243680_T"
"740","X1.16320986_C"
"741","X1.26554713_A"
"742","X6.31986036_A"
"743","X8.19143564_A"
"744","X1.15952538_C"
"745","X1.18317473_C"
"746","X8.16058278_A"
"747","X6.1799726_T"
"748","X8.5715386_G"
"749","X1.12189540_C"
"750","X1.3320032_G"
"751","X1.16798122_G"
"752","X1.17033997_C"
"753","X5.6641773_T"
"754","X10.14140837_G"
"755","X1.16762685_G"
"756","X1.17881487_A"
"757","X1.16954508_G"
"758","X4.20450736_G"
"759","X1.17206948_G"
"760","X8.9620360_T"
"761","X8.20040454_A"
"762","X1.12222868_C"
"763","X1.16657122_T"
"764","X1.12137986_C"
"765","X1.18100005_G"
"766","X8.19147407_T"
"767","X8.9106005_A"
"768","X1.22110235_G"
"769","X1.15983626_C"
"770","X12.16237396_T"
"771","X1.15959414_A"
"772","X1.43263626_C"
"773","X1.17783523_G"
"774","X1.31585404_G"
"775","X6.19393919_A"
"776","X4.5311595_C"
"777","X4.33886655_T"
"778","X4.20443176_A"
"779","X8.20036253_C"
"780","X1.17234900_A"
"781","X2.19586558_G"
"782","X1.16102118_G"
"783","X8.5702243_C"
"784","X1.17525504_G"
"785","X1.18041335_G"
"786","X1.3777823_C"
"787","X1.16645005_C"
"788","X1.35835902_G"
"789","X1.16757182_C"
"790","X1.16596345_G"
"791","X1.26566992_T"
"792","X1.15941300_T"
"793","X1.16207430_G"
"794","X10.14711085_C"
"795","X1.16058203_C"
"796","X1.22100067_T"
"797","X1.18147345_T"
"798","X8.13164487_T"
"799","X10.14906981_T"
"800","X2.238325_T"
"801","X1.14587683_A"
"802","X1.4654691_G"
"803","X1.18259188_C"
"804","X1.42481249_C"
"805","X1.15917700_C"
"806","X1.18122745_C"
"807","X8.10385681_T"
"808","X1.18271726_T"
"809","X8.16061501_G"
"810","X1.22425742_T"
"811","X8.11945550_A"
"812","X6.19724719_C"
"813","X1.26271823_C"
"814","X1.16593203_A"
"815","X9.18594579_G"
"816","X1.17149950_G"
"817","X1.16426599_G"
"818","X1.26393353_G"
"819","X1.16819862_G"
"820","X6.31438481_T"
"821","X1.16093074_A"
"822","X1.18002086_C"
"823","X1.15948721_G"
"824","X1.24195483_G"
"825","X8.19601036_T"
"826","X1.16935259_A"
"827","X3.17758929_T"
"828","X1.16653593_G"
"829","X11.28518534_A"
"830","X1.35758497_G"
"831","X1.16111351_C"
"832","X1.4581180_C"
"833","X3.17563336_G"
"834","X1.16416329_G"
"835","X1.15935837_G"
"836","X8.9802469_T"
"837","X8.9838464_A"
"838","X8.10672499_T"
"839","X1.17801796_G"
"840","X4.33924001_T"
"841","X11.21512043_C"
"842","X1.17864606_C"
"843","X1.17463603_C"
"844","X1.16561830_C"
"845","X1.16604930_C"
"846","X1.4900197_T"
"847","X1.16220593_C"
"848","X1.16533905_T"
"849","X1.17836805_C"
"850","X1.16374650_G"
"851","X1.42674466_C"
"852","X1.17943771_A"
"853","X1.17016052_G"
"854","X1.18186433_G"
"855","X1.16831165_G"
"856","X1.17480672_C"
"857","X8.5717631_T"
"858","X12.16247065_A"
"859","X8.10649254_A"
"860","X1.17724271_G"
"861","X9.11250824_G"
"862","X1.16873933_T"
"863","X1.17677990_A"
"864","X1.26510537_G"
"865","X1.16460876_G"
"866","X1.26542849_A"
"867","X1.18280926_C"
"868","X1.17907457_G"
"869","X1.18314876_C"
"870","X1.3307664_C"
"871","X1.16432010_C"
"872","X1.4583799_C"
"873","X11.21351012_C"
"874","X1.22421854_G"
"875","X1.18021344_G"
"876","X11.13495486_A"
"877","X1.17898570_G"
"878","X8.14044024_T"
"879","X3.17671163_C"
"880","X11.3454089_T"
"881","X1.18067185_T"
"882","X4.33898181_T"
"883","X8.5579663_T"
"884","X2.37125791_A"
"885","X1.16769020_A"
"886","X1.17187423_G"
"887","X12.13819009_C"
"888","X8.9822978_A"
"889","X1.18059444_T"
"890","X1.17041343_A"
"891","X10.14723525_G"
"892","X9.11254125_C"
"893","X3.28669354_C"
"894","X8.9882151_A"
"895","X1.26547244_G"
"896","X8.5188498_A"
"897","X12.14835304_C"
"898","X4.31023276_T"
"899","X1.16216481_A"
"900","X1.17826325_G"
"901","X4.20436358_A"
"902","X1.16823992_G"
"903","X8.5182519_T"
"904","X1.17483898_T"
"905","X1.18132153_G"
"906","X10.14994627_T"
"907","X8.12202832_A"
"908","X1.16200674_G"
"909","X1.16813496_A"
"910","X9.11819123_A"
"911","X1.17467032_T"
"912","X1.18337846_T"
"913","X1.26408803_A"
"914","X8.19991822_T"
"915","X4.4981821_C"
"916","X1.16779702_G"
"917","X8.19003915_C"
"918","X4.5054524_G"
"919","X11.4041934_G"
"920","X11.31307231_C"
"921","X9.11724351_T"
"922","X8.20008001_C"
"923","X7.13693099_T"
"924","X1.15962449_G"
"925","X1.16466137_C"
"926","X1.17283153_C"
"927","X1.17276052_C"
"928","X11.3456804_A"
"929","X6.32108252_C"
"930","X4.30339289_T"
"931","X1.17500104_T"
"932","X1.12852208_C"
"933","X12.14836178_T"
"934","X12.14838402_C"
"935","X4.4964420_G"
"936","X9.7837162_T"
"937","X8.5724964_G"
"938","X1.18193596_C"
"939","X12.17015838_T"
"940","X1.17198620_G"
"941","X1.17429701_C"
"942","X5.714156_G"
"943","X1.3239483_T"
"944","X4.33962537_A"
"945","X1.17521821_C"
"946","X8.5183513_T"
"947","X1.12828232_A"
"948","X1.16546813_G"
"949","X1.16043726_C"
"950","X1.3243827_C"
"951","X1.3248339_C"
"952","X1.3262975_T"
"953","X6.31835154_A"
"954","X1.3732653_G"
"955","X1.18298625_A"
"956","X3.17617055_C"
"957","X4.34104282_C"
"958","X11.21537634_G"
"959","X1.42488087_A"
"960","X1.26397212_C"
"961","X1.42598405_T"
"962","X1.18008484_G"
"963","X11.28373961_A"
"964","X1.16625381_G"
"965","X1.3692128_T"
"966","X1.17551631_C"
"967","X12.14585560_A"
"968","X1.17294682_C"
"969","X5.1262607_G"
"970","X2.17617723_A"
"971","X1.16474335_G"
"972","X1.16469572_C"
"973","X4.33985547_T"
"974","X2.1518174_C"
"975","X1.17767815_T"
"976","X1.5780449_G"
"977","X1.16478428_G"
"978","X12.14837881_C"
"979","X4.5048583_T"
"980","X2.3014657_G"
"981","X8.19140115_G"
"982","X1.16395810_C"
"983","X10.14557815_T"
"984","X11.21254271_C"
"985","X8.19136179_T"
"986","X12.14990266_G"
"987","X1.16926605_A"
"988","X1.16541477_T"
"989","X4.34092983_G"
"990","X9.11979268_G"
"991","X2.12381716_T"
"992","X5.6651681_C"
"993","X4.33951914_C"
"994","X1.16860207_A"
"995","X4.5066713_G"
"996","X8.16423721_C"
"997","X12.20529167_A"
"998","X1.39918407_T"
"999","X11.29707843_C"
"1000","X1.36431555_A"
