"","Accession","Latitude","Longitude","offset_1","offset_2","offset_3","offset_4","offset_5","offset_6","offset_7","offset_8","offset_9","offset_10","offset_11","offset_12","offset_13","offset_14","offset_15","offset_16","offset_17","offset_18","offset_19","offset_20","offset_21"
"1","FT218",31.77,35.11,0.0467269856640722,0.00465570208210757,0.0139283286614457,0.00397268738197608,0.00779976174247197,0.00850842869834551,0.00327265730472725,0.0048651234651523,0.01179101493455,0.00988642387162402,0.0075765218620438,0.00418924405367099,0.0103539626347684,0.00773410653161866,0.00248864317911918,0.00813053941603279,0.00800902034269331,0.00432976314504818,0.00962281250366213,0.00254240119240703,0.006281468672077
"2","FT462",37.78,39.78,0.0728566215253823,0.0109864025056943,0.00936852223490287,0.0161879943301571,0.0173131742037707,0.0226381919556079,0.040168357987665,0.0140232580589195,0.0214187598503716,0.0231962565492636,0.040081351770709,0.0190951785095669,0.0225329294029909,0.0194161092887501,0.00777507489818472,0.0295519474966193,0.00856138417428908,0.0115693004093167,0.00844124045548581,0.0164969934803177,0.0212775201527686
"3","FT473",37.66,37.79,0.0679229207663122,0.0111632348283692,0.0143785749750222,0.0169227413411289,0.0188310018003257,0.0216478174678646,0.0229970745453974,0.0111144126720945,0.0250877849413001,0.0295615586139529,0.0132732379485312,0.0206285999678612,0.0274763873645918,0.0145216539963621,0.00860916454509698,0.0276424707463909,0.00465212770076376,0.0194068057459425,0.018200500495732,0.0142974355480685,0.0199335781696875
"4","FT730",37.33,37.27,0.0679229207663122,0.0111632348283692,0.0143785749750222,0.0169227413411289,0.0188310018003257,0.0216478174678646,0.0229970745453974,0.0111144126720945,0.0250877849413001,0.0295615586139529,0.0132732379485312,0.0206285999678612,0.0274763873645918,0.0145216539963621,0.00860916454509698,0.0276424707463909,0.00465212770076376,0.0194068057459425,0.018200500495732,0.0142974355480685,0.0199335781696875
"5","HOR4724",40.18,44.52,0.0569176762536985,0.00875420744399145,0.00739172171909967,0.00500787238111806,0.0118425908768496,0.00589048757847486,0.0082349178075338,0.00974406216962737,0.0147530880631389,0.011281748130601,0.00435501412695899,0.013435527091981,0.00836430049304304,0.00698309971734244,0.00554045249287859,0.0100750832322945,0.00688755922997929,0.00717928532330776,0.0082130738365059,0.00712089397096606,0.00384927556349281
"6","HOR3950",47.01,13.17,0.0436775219358166,0.00328735867857647,0.00357929495901271,0.00595775857157074,0.00214989013190217,0.00411721937806301,0.00733686271295817,0.00260799211335333,0.0021478212623966,0.00957922629125927,0.0151490046142015,0.00356135364049501,0.00473094841707661,0.00307444116453739,0.00265353492142611,0.00509768967074415,0.00491280907759202,0.00944183833645059,0.00556761985931867,0.00492366715943672,0.0045526863047243
"7","HOR1707",35.91,71.52,0.0544857925681704,0.0261471263380621,0.0102017734743189,0.00870163564709639,0.00912636413223953,0.0106407525501693,0.00889240412669893,0.0133383161960594,0.0116262822477389,0.00880874954513712,0.0113599081651494,0.0100622410420516,0.00948141382872855,0.00757496488167803,0.0256897784150612,0.010907557687746,0.00964069582319955,0.0142469095582275,0.0119003768099182,0.008195683098243,0.010338018474671
"8","HOR8658",31.19,29.9,0.0332600137182314,0.00651903146816508,0.00438427502916832,0.002294229740476,0.00426733405008906,0.00342663071392407,0.00272562603333153,0.00301864883646211,0.00157308532046969,0.0064616704904921,0.00403446762703151,0.00361946415957877,0.00370720165404797,0.00441362594244712,0.00380301245785956,0.00559615520616338,0.00505235126479229,0.00405411821942257,0.00494792911403624,0.0038928746790529,0.00224623929725139
"9","HOR9919",45.43,6.31,0.0330415731180838,0.00616417795562567,0.00582365272596026,0.0087407650051436,0.00782874909521908,0.00672631090078066,0.00877334827029118,0.00545336234048672,0.010097088362914,0.00570942718382192,0.0176184015725419,0.0061501521805367,0.00824839912135697,0.00655514136197082,0.0196540977654866,0.00910455797099384,0.0103720049962957,0.010939595218835,0.0401673854445274,0.0119241543233517,0.00871030652096067
"10","HOR354",47.98,9.12,0.0475507132579485,0.0026748411733246,0.00308261897886401,0.00527175037793222,0.00235989073456277,0.00360142988949556,0.00366030452383347,0.00264095472864647,0.0032972656358225,0.00232612939097603,0.0040633837050957,0.00299018610119478,0.00384955271447638,0.00631974032177817,0.00346672487481437,0.00582893767082431,0.00422110480675893,0.00893144315392841,0.00487497576107553,0.00551511007078176,0.00382259974646853
"11","HOR10610",36.44,43.26,0.071121399787629,0.0104869928441623,0.00505737926417516,0.0125760989661897,0.0235227349546274,0.01509407021926,0.0166975021511971,0.0331826729700711,0.0200725108271719,0.0161127765434471,0.0192049360212404,0.0132194124643437,0.0144510336607218,0.0212208636318033,0.0119404243577422,0.0254105348655978,0.03098012701216,0.01258186505639,0.00836604321074958,0.0158335055202715,0.0132305799297311
"12","HOR9607",42.3,43.35,0.0424065280490509,0.0100166657896872,0.00896601237582907,0.00909530435541761,0.0147793123813371,0.0122010230274806,0.0101906400658008,0.00921613339331429,0.0151756353593637,0.00902479276418052,0.0140252087343644,0.014012951003142,0.017246660759829,0.0141256543632209,0.0082665516752437,0.00461743205610414,0.0177218349781072,0.0121469441580655,0.0105196977513245,0.0148863248380234,0.00969422356974254
"13","HOR10761",5.63,38.23,0.027757112154276,0.0192611270696222,0.0238003274515254,0.0111656478372488,0.0270129744876384,0.0090946409709593,0.00684682633761398,0.0163637548846143,0.0320118998414158,0.016737398926218,0.0104475126783334,0.0191314653293022,0.0285495185584584,0.0168875139153992,0.0235102743083982,0.00501107803308574,0.00816103526773548,0.0178164824468116,0.0197629112627152,0.0105611957755907,0.0188252214950403
"14","HOR937",39.07,21.82,0.0311223129632578,0.00411622353204746,0.0125156432134029,0.022852662976733,0.00771601807955358,0.00442169548769327,0.0105273058745001,0.0111663674073834,0.0040459973481686,0.00400138540797753,0.0105629035790702,0.0197526378823466,0.0176936097646973,0.00513453555580913,0.00892519347342794,0.00863485705599079,0.0149078433291248,0.0109042740913096,0.0122177995558173,0.0218867919129318,0.0109376768216569
"15","HOR2785",35.6,51.87,0.0622802892656405,0.0103431241870325,0.00987275464249713,0.0128374158376145,0.00788657822752127,0.00746179693149421,0.0117074762458011,0.00764050678563847,0.00510073057976563,0.00721467421355312,0.0048864248313885,0.0036628810502179,0.0149138443111497,0.0121971485232756,0.0107032042750167,0.00433190347060505,0.00710997087164596,0.0101715902710334,0.00793829774328258,0.00759632658327039,0.00341277166360424
"16","HOR2792",30.52,50.85,0.055425222868357,0.00819916678962961,0.0167058075849847,0.0188158593388732,0.0191797897958562,0.0312776015232303,0.0301022724228421,0.0250562777330321,0.0501709808324173,0.0265880378851217,0.0168024530517567,0.0240378567734439,0.0195757477358262,0.0105355570386158,0.0156059045524895,0.0225977315865952,0.0208888726543503,0.0245564456651563,0.0370344861694371,0.0320141934542572,0.0267794402346161
"17","HOR2808",33.57,50.85,0.0674020929540127,0.0144069981839532,0.0069261279248366,0.0135325893818548,0.00710294344176672,0.0191621133699672,0.0259713723114778,0.0103483508912273,0.0134201364605747,0.0170433632619844,0.013941550227992,0.0108625883212977,0.0122938964807524,0.0113426693960245,0.0106614667646142,0.00964730316997927,0.0104667761537069,0.0112539360991732,0.008905335088134,0.0117905329667564,0.00575425786049118
"18","HOR2867",37.63,58.98,0.0722175309113891,0.0275265144762833,0.0106042672098871,0.0152725757869892,0.00952968751769092,0.0102946044923633,0.0114613315928047,0.0166794728288076,0.00413685433259782,0.0146629057496655,0.0111881467311631,0.00694924317303022,0.00914666020151475,0.00771204068972932,0.00826018641862866,0.00629250238627735,0.0141478317197096,0.00492671228813504,0.0210947943586506,0.017845374145082,0.00481920052391889
"19","HOR9827",32.77,13.98,0.0299526519289241,0.0052105333887457,0.00834370252513058,0.00724941871910475,0.00530354743126824,0.00734037754424884,0.0239444504745131,0.0181574560769257,0.00322783559027003,0.0290459027108673,0.00892965407848921,0.0173527487113269,0.030233038163628,0.0241378565751402,0.0244407547093432,0.014540104179531,0.0345632684862219,0.0239747648588685,0.00379217961452707,0.00520270557297967,0.0320629258221104
"20","HOR8455",30.5,47.82,0.0657804505048374,0.0464271208299909,0.033490634279109,0.0484877642546086,0.0370815658625373,0.0412849110134379,0.0578929476840667,0.0252041786489886,0.0385538282089564,0.0328566230162212,0.0310606892947823,0.0309424225982754,0.0408551181861339,0.0377434401695203,0.0502447422265955,0.0383902024332839,0.0434789296001405,0.0309296160652644,0.0333189842236672,0.0542165314112017,0.0356210671332307
"21","HOR10609",36.17,43.26,0.071121399787629,0.0104869928441623,0.00505737926417516,0.0125760989661897,0.0235227349546274,0.01509407021926,0.0166975021511971,0.0331826729700711,0.0200725108271719,0.0161127765434471,0.0192049360212404,0.0132194124643437,0.0144510336607218,0.0212208636318033,0.0119404243577422,0.0254105348655978,0.03098012701216,0.01258186505639,0.00836604321074958,0.0158335055202715,0.0132305799297311
"22","HOR10782",41.9,13.88,0.0334905453011239,0.0130785548939793,0.0106943377682159,0.0130894660122497,0.0171711408512241,0.0193577084024483,0.0114418132723852,0.00537691578929669,0.0141082817137235,0.0242085396578151,0.0144383922738323,0.00590264464967495,0.0186100861115651,0.0125352930860045,0.0123922340302966,0.00762383998355699,0.0106407158033568,0.00513420464006185,0.00716782107233331,0.00422253270308153,0.0140833706480224
"23","HOR1758",35,71.15,0.0629633887600027,0.00691615981682945,0.00725668420172647,0.0051597355946006,0.0148789367903898,0.0150142815433721,0.00668956519324289,0.00636049240682205,0.0121843934475559,0.0102482612639757,0.00600558329246397,0.00462062604075316,0.00602825028371305,0.00772272233621401,0.0052218857500656,0.00540365350146168,0.00501667792016971,0.00753361771822576,0.00527359666269711,0.00883288958281674,0.0145510869602481
"24","HOR4150",36.7,3.22,0.0277242475823723,0.0202707958587169,0.033213619854169,0.0271774453664677,0.0343001535930213,0.0119373179614532,0.0157470504670078,0.0234630537957263,0.0089686784524472,0.0123710489624176,0.0104778561775516,0.0285880638398438,0.0242389807377294,0.0206133782927575,0.0206425477382763,0.0341272120095056,0.0138192664117981,0.0184604719447528,0.0276473842058891,0.0160317772697263,0.0284356747418708
"25","HOR2854",38.65,46.78,0.0465448537786168,0.00650815888774343,0.00416709218693842,0.00725460345486441,0.0097902415056975,0.00424065383736905,0.010887793947926,0.0068884767477814,0.00886128892128187,0.0118900852526805,0.0119325274824012,0.0151959682767648,0.004850289122649,0.00758075013589745,0.0118831807976486,0.0136962491378741,0.0126634882706076,0.0142684350197992,0.0101431156163335,0.00505069297454024,0.0097649122016977
"26","HOR752",39.07,21.82,0.0311223129632578,0.00411622353204746,0.0125156432134029,0.022852662976733,0.00771601807955358,0.00442169548769327,0.0105273058745001,0.0111663674073834,0.0040459973481686,0.00400138540797753,0.0105629035790702,0.0197526378823466,0.0176936097646973,0.00513453555580913,0.00892519347342794,0.00863485705599079,0.0149078433291248,0.0109042740913096,0.0122177995558173,0.0218867919129318,0.0109376768216569
"27","HOR3959",47.27,12.64,0.0436775219358166,0.00328735867857647,0.00357929495901271,0.00595775857157074,0.00214989013190217,0.00411721937806301,0.00733686271295817,0.00260799211335333,0.0021478212623966,0.00957922629125927,0.0151490046142015,0.00356135364049501,0.00473094841707661,0.00307444116453739,0.00265353492142611,0.00509768967074415,0.00491280907759202,0.00944183833645059,0.00556761985931867,0.00492366715943672,0.0045526863047243
"28","HOR756",40.79,20.19,0.0322693888559212,0.0102883419529638,0.0100690850316396,0.00692890546417955,0.0153903114639853,0.00423596337893042,0.00767571066068568,0.00617056768392536,0.0166987989890886,0.0271234178145548,0.0149769286796718,0.019347159379706,0.0102762176716942,0.0177212510340675,0.00485734491441968,0.0269681911374407,0.0128057478068503,0.0172911239046732,0.00726986443963818,0.00474014675833357,0.0157036347646715
"29","HOR10280",26.8,13.53,0.064711108796909,0.00488135379641452,0.0226814181277962,0.00921083613687038,0.0114065264737226,0.0134206565719965,0.00766532532799608,0.0117401549523387,0.0117189787641435,0.0182944840313891,0.00986833631410169,0.00328538059977057,0.00590111956085198,0.0124240731159901,0.00342222253408281,0.00918207294740766,0.00760940418301532,0.00901827856749398,0.00593954905890399,0.00717765725605332,0.00313713222856439
"30","HOR10410",52.41,21.33,0.0469968185844976,0.0115335623152476,0.00451792443787593,0.0139383675890307,0.00619630778835435,0.00395413909755389,0.00456063977141796,0.00585328817426778,0.00417408823846892,0.00442486488900473,0.0069035737573297,0.00401860278188058,0.00415431901250192,0.00718958571620964,0.00620944643012739,0.0117869664812793,0.00466317704808609,0.0144427038030174,0.0155587478859461,0.00965679660235088,0.00414765917192064
"31","HOR9453",46.78,23.6,0.0486172909308662,0.0168112827213294,0.0115972260446177,0.00533811159189447,0.00773223818196919,0.00721152178780219,0.00467834980671487,0.00519056354200779,0.0103743047962196,0.00530939330966782,0.0163133806797503,0.00643834452265909,0.00715702697411222,0.00587298856394002,0.0105039505251478,0.00563561972662077,0.0116206691311429,0.00453858153116533,0.0156662116811578,0.0146507376443217,0.00549976518373306
"32","HOR8635",48.53,22.14,0.0475842062624474,0.0178785432619272,0.00970739938197377,0.0161170856937919,0.00489507016003717,0.00814092683979991,0.00747121352461958,0.00270683953425197,0.00274862887009043,0.0037747246260646,0.00492286632407011,0.00558874070398917,0.00509186647780002,0.00383359238591837,0.00375936030018752,0.00471278599536423,0.00523939484928226,0.00825480959386795,0.00687636405709597,0.00660105169273464,0.00498677152380231
"33","HOR4469",32.69,36.03,0.0365323749319684,0.0109556343743342,0.0138447298319449,0.00973434784281118,0.00589546536932914,0.0171252797155093,0.00841206189604979,0.013176837341368,0.015453975482773,0.0162678432748156,0.0127745340566283,0.0173249454304433,0.0134990733486361,0.0241208318684271,0.0129521447828263,0.0201687904413693,0.0158971372110738,0.00653172245672352,0.0204619101934012,0.0142892612723527,0.0254975651639004
"34","HOR902",41.29,36.33,0.0517715825629522,0.00466726196076754,0.0067812942243918,0.00106760076004181,0.00437673327409541,0.00343557131006354,0.00678691121906866,0.0100189260598388,0.0100324679250202,0.00465804334450476,0.00460385815095759,0.00641940163288936,0.00824290228099842,0.0166047276565627,0.00283642817602917,0.00543685070224534,0.0064391857731873,0.00444289546793772,0.00656402829083955,0.00200665309080043,0.00656500110281066
"35","HOR7969",38,37,0.0570265451196723,0.00655062766968746,0.00777457416996555,0.00409835287401932,0.00505752919981606,0.00759388227541338,0.00716690216492545,0.00605421895891501,0.00643620123355085,0.00346184330215129,0.00476875861163524,0.0123106379821273,0.00254218941211173,0.00768688323256883,0.00299123256723078,0.00826152347972902,0.00857175945694522,0.00868356658716839,0.00902719329929046,0.00428919705861343,0.00762014703798808
"36","HOR203",50.1,36.49,0.0520442920947435,0.00923613274745073,0.00363335050816597,0.00568616659308731,0.00658149649394637,0.0050557234969977,0.00699085890941043,0.014534136528412,0.00718116188567438,0.0212706717475369,0.0150079605235533,0.0190732647756089,0.00890292530855136,0.0086519750936733,0.0137643350758694,0.00889230554539264,0.0117466563059059,0.0093655554442058,0.00812793328978947,0.00475601526649228,0.00771030208828448
"37","HOR383",43.85,25.96,0.0548278797075802,0.0138399690887588,0.00677908204650885,0.00534904707560679,0.00750558465233419,0.00873160286856973,0.00853065981287919,0.00686547789119443,0.00931960414941293,0.00728217852492472,0.0155757038114738,0.00944930274006668,0.00838478185964501,0.0153786284675879,0.00784924938533757,0.0142099145877016,0.0133414485516285,0.0106979868554664,0.0117462431708128,0.0150532816993168,0.0165292601857434
"38","HOR396",42.31,27.77,0.0398009909295489,0.00815778724502206,0.0062823222266051,0.0045626815645395,0.0121529537307333,0.00672790795454535,0.0053735247002215,0.0131435173006456,0.00587378483940785,0.00521151158942446,0.0112485179595793,0.0142071059197645,0.00708810803403805,0.0105049916719571,0.0113993816860001,0.0138586842004274,0.00918052901393006,0.00589966481188502,0.00778098840112551,0.00510530487363082,0.00684141447841111
"39","HOR7380",49.52,18.83,0.0392272965622822,0.00496479312366724,0.0044199323748814,0.00958669334158158,0.00438929990259929,0.00273848438196897,0.00397199866056837,0.00250855567432831,0.00327529095666387,0.00270182256748143,0.00554618996710387,0.00365998658931923,0.00293308833750077,0.00352528025020049,0.00346323405604001,0.00680109543085565,0.00420756034116454,0.008705557947568,0.00674026360401378,0.00610147822774531,0.00242354829214366
"40","HOR10350",8.15,36.47,0.0060230802256427,0.00339827598862094,0.00406618034169096,0.00441788036147485,0.00155100975306596,0.004720020228922,0.00647771679079854,0.00429587084761785,0.00228550494254058,0.00637340798256401,0.00647899297265829,0.00392775305136816,0.00479546458015846,0.00730345753635698,0.0044346643479428,0.0061129004833598,0.00371236754516704,0.00253636226602798,0.00138565989600411,0.00361976580933255,0.0018148422000404
"41","HOR1133",46.22,2.21,0.0313874947021084,0.00514141586961865,0.00747003839687741,0.00731537002661755,0.0201697304915226,0.0107892625463804,0.00836221856811602,0.00423740876029311,0.0159942247968391,0.00912940124892392,0.00907224396239853,0.00547324692402983,0.00719221390285446,0.00832002124057157,0.00636175302870873,0.00748863249926642,0.00530242080946614,0.00993367011416351,0.00703347419264066,0.00714852855677886,0.00953853765459497
"42","HOR10360",43.05,42.72,0.0424065280490509,0.0100166657896872,0.00896601237582907,0.00909530435541761,0.0147793123813371,0.0122010230274806,0.0101906400658008,0.00921613339331429,0.0151756353593637,0.00902479276418052,0.0140252087343644,0.014012951003142,0.017246660759829,0.0141256543632209,0.0082665516752437,0.00461743205610414,0.0177218349781072,0.0121469441580655,0.0105196977513245,0.0148863248380234,0.00969422356974254
"43","HOR10705",42.18,44.73,0.0456891305347302,0.00712396507071077,0.00913844478506367,0.00670810363318342,0.00667542972289184,0.0169781571189756,0.0109001063184919,0.00530792218471598,0.00713684545354587,0.00941756459368258,0.0142975924911125,0.0234281626979763,0.00737105928073096,0.0116991393137156,0.023007653717561,0.0146863665795751,0.0077736927428183,0.0121563276247221,0.0148999831279835,0.00478388504900886,0.00790547928820152
"44","HOR713",37.67,22.18,0.0119092891183373,0.00720118488848196,0.00805334468804687,0.004196716370837,0.0188561503957663,0.00791661846716194,0.0168522481377269,0.0345775777401361,0.00339971081208982,0.00974781745018387,0.0173404213562854,0.0229853467082074,0.00849395637263923,0.0137834968204935,0.00570038225344661,0.00789368395305312,0.0077181038322381,0.0104386958839781,0.0168753243638052,0.00861927188774425,0.0147029945939766
"45","HOR9888",32.76,22.64,0.0133585891517098,0.0112128590500149,0.0202708041419825,0.00649837038166223,0.0089249801210521,0.0294650110151906,0.0186746923367495,0.00749690370748677,0.0124710759754122,0.0190322090589939,0.00351936814711732,0.00317983103786123,0.0119583752143745,0.0218996782046497,0.0213878860698617,0.00376081655586554,0.00897651390407873,0.00900160321118033,0.00965157753101634,0.00900443210741992,0.00497429535735071
"46","HOR10103",25.92,13.92,0.0661297553394585,0.0137838033797695,0.0227081455667006,0.0190628897076165,0.0153189735826627,0.0129087676131366,0.00501547761412514,0.0169515285329802,0.0170956629204029,0.0213864545776641,0.00718125115286024,0.0059883562885431,0.00715835406843756,0.0127417785252096,0.00259656530164112,0.0133764818858344,0.00691931279842154,0.0170561042518789,0.0271943229385794,0.050927244124009,0.00461186337828708
"47","HOR10130",30.13,9.5,0.0717011270747942,0.00947750099468092,0.0210907743091749,0.0147001513329718,0.00992254069082921,0.0193782515208075,0.0299640548184962,0.0149148091810372,0.0142283901578956,0.0172339570863226,0.0103223682522075,0.00618068146272769,0.0110841564611087,0.0206640697578088,0.0078819110288786,0.00923133887592997,0.00713070068936004,0.0139147444810191,0.0312055357081044,0.060136483644493,0.00742767727048888
"48","HOR13416",31.05,-8.83,0.029487300968064,0.00335539498096494,0.00277709709474159,0.0030587436793661,0.00408155120523058,0.0270537497115729,0.0206740695970361,0.00322697589048292,0.00458296045361607,0.00609121132527048,0.00580884376824718,0.00379600130747594,0.0036655553470777,0.00149935099833425,0.00480116324000139,0.0041691413398818,0.00707174714841099,0.000980256145497542,0.00502833710556059,0.00302516296263037,0.00591211889808398
"49","FT037",31.4,34.47,0.0467269856640722,0.00465570208210757,0.0139283286614457,0.00397268738197608,0.00779976174247197,0.00850842869834551,0.00327265730472725,0.0048651234651523,0.01179101493455,0.00988642387162402,0.0075765218620438,0.00418924405367099,0.0103539626347684,0.00773410653161866,0.00248864317911918,0.00813053941603279,0.00800902034269331,0.00432976314504818,0.00962281250366213,0.00254240119240703,0.006281468672077
"50","FT045",31.67,35.44,0.0467269856640722,0.00465570208210757,0.0139283286614457,0.00397268738197608,0.00779976174247197,0.00850842869834551,0.00327265730472725,0.0048651234651523,0.01179101493455,0.00988642387162402,0.0075765218620438,0.00418924405367099,0.0103539626347684,0.00773410653161866,0.00248864317911918,0.00813053941603279,0.00800902034269331,0.00432976314504818,0.00962281250366213,0.00254240119240703,0.006281468672077
"51","FT067",31.54,34.89,0.0467269856640722,0.00465570208210757,0.0139283286614457,0.00397268738197608,0.00779976174247197,0.00850842869834551,0.00327265730472725,0.0048651234651523,0.01179101493455,0.00988642387162402,0.0075765218620438,0.00418924405367099,0.0103539626347684,0.00773410653161866,0.00248864317911918,0.00813053941603279,0.00800902034269331,0.00432976314504818,0.00962281250366213,0.00254240119240703,0.006281468672077
"52","FT144",30.57,34.68,0.0467269856640722,0.00465570208210757,0.0139283286614457,0.00397268738197608,0.00779976174247197,0.00850842869834551,0.00327265730472725,0.0048651234651523,0.01179101493455,0.00988642387162402,0.0075765218620438,0.00418924405367099,0.0103539626347684,0.00773410653161866,0.00248864317911918,0.00813053941603279,0.00800902034269331,0.00432976314504818,0.00962281250366213,0.00254240119240703,0.006281468672077
"53","FT147",30.85,34.74,0.0467269856640722,0.00465570208210757,0.0139283286614457,0.00397268738197608,0.00779976174247197,0.00850842869834551,0.00327265730472725,0.0048651234651523,0.01179101493455,0.00988642387162402,0.0075765218620438,0.00418924405367099,0.0103539626347684,0.00773410653161866,0.00248864317911918,0.00813053941603279,0.00800902034269331,0.00432976314504818,0.00962281250366213,0.00254240119240703,0.006281468672077
"54","FT172",33.23,35.73,0.0365323749319684,0.0109556343743342,0.0138447298319449,0.00973434784281118,0.00589546536932914,0.0171252797155093,0.00841206189604979,0.013176837341368,0.015453975482773,0.0162678432748156,0.0127745340566283,0.0173249454304433,0.0134990733486361,0.0241208318684271,0.0129521447828263,0.0201687904413693,0.0158971372110738,0.00653172245672352,0.0204619101934012,0.0142892612723527,0.0254975651639004
"55","FT175",33.25,35.65,0.0365323749319684,0.0109556343743342,0.0138447298319449,0.00973434784281118,0.00589546536932914,0.0171252797155093,0.00841206189604979,0.013176837341368,0.015453975482773,0.0162678432748156,0.0127745340566283,0.0173249454304433,0.0134990733486361,0.0241208318684271,0.0129521447828263,0.0201687904413693,0.0158971372110738,0.00653172245672352,0.0204619101934012,0.0142892612723527,0.0254975651639004
"56","FT219",33.29,35.76,0.0365323749319684,0.0109556343743342,0.0138447298319449,0.00973434784281118,0.00589546536932914,0.0171252797155093,0.00841206189604979,0.013176837341368,0.015453975482773,0.0162678432748156,0.0127745340566283,0.0173249454304433,0.0134990733486361,0.0241208318684271,0.0129521447828263,0.0201687904413693,0.0158971372110738,0.00653172245672352,0.0204619101934012,0.0142892612723527,0.0254975651639004
"57","FT229",36.4,44.15,0.064966784843128,0.00476382452068572,0.00770992074841746,0.00902996876110231,0.00716700893770303,0.0124383727694293,0.0139227001241785,0.0105667789520454,0.00918015511686103,0.00885237012989379,0.0084278974912395,0.008815631723469,0.00853707074330251,0.0121317162647882,0.00906309692747114,0.0111360262635826,0.00734586887474369,0.0144799437087372,0.00885051657888584,0.0074934123574362,0.00552631182925963
"58","FT232",36.42,41.65,0.071121399787629,0.0104869928441623,0.00505737926417516,0.0125760989661897,0.0235227349546274,0.01509407021926,0.0166975021511971,0.0331826729700711,0.0200725108271719,0.0161127765434471,0.0192049360212404,0.0132194124643437,0.0144510336607218,0.0212208636318033,0.0119404243577422,0.0254105348655978,0.03098012701216,0.01258186505639,0.00836604321074958,0.0158335055202715,0.0132305799297311
"59","FT252",37.25,44.48,0.064966784843128,0.00476382452068572,0.00770992074841746,0.00902996876110231,0.00716700893770303,0.0124383727694293,0.0139227001241785,0.0105667789520454,0.00918015511686103,0.00885237012989379,0.0084278974912395,0.008815631723469,0.00853707074330251,0.0121317162647882,0.00906309692747114,0.0111360262635826,0.00734586887474369,0.0144799437087372,0.00885051657888584,0.0074934123574362,0.00552631182925963
"60","FT268",35.17,38.88,0.075578894923917,0.00915906603383527,0.00802186118376676,0.0100807915660571,0.0102663675299912,0.0123792951249253,0.00621288160111435,0.0120718769604258,0.01104180340382,0.015977501366847,0.0450286851345464,0.0111864520645936,0.0193708458798384,0.0453713507178966,0.00319789124354386,0.0145451488589666,0.0054810459668219,0.00987480592893561,0.00765411179989837,0.0135217324029684,0.00894233287600174
"61","FT270",33.65,36.84,0.0714755052973501,0.00922150091696106,0.0137940080442417,0.00373580107444698,0.00530117944981353,0.00855936742505409,0.0125669411079409,0.0101136818621451,0.0125669692089482,0.00907192647177912,0.00271206718115572,0.00324696019113959,0.0195126788764046,0.044527309606692,0.00297220458625508,0.0118868236940626,0.00920403568545219,0.0191046936407729,0.0116446564178197,0.0106252604095249,0.0177017963893011
"62","FT272",32.22,36.05,0.0467269856640722,0.00465570208210757,0.0139283286614457,0.00397268738197608,0.00779976174247197,0.00850842869834551,0.00327265730472725,0.0048651234651523,0.01179101493455,0.00988642387162402,0.0075765218620438,0.00418924405367099,0.0103539626347684,0.00773410653161866,0.00248864317911918,0.00813053941603279,0.00800902034269331,0.00432976314504818,0.00962281250366213,0.00254240119240703,0.006281468672077
"63","FT276",32.58,35.67,0.0365323749319684,0.0109556343743342,0.0138447298319449,0.00973434784281118,0.00589546536932914,0.0171252797155093,0.00841206189604979,0.013176837341368,0.015453975482773,0.0162678432748156,0.0127745340566283,0.0173249454304433,0.0134990733486361,0.0241208318684271,0.0129521447828263,0.0201687904413693,0.0158971372110738,0.00653172245672352,0.0204619101934012,0.0142892612723527,0.0254975651639004
"64","FT286",30.07,50.83,0.0201394817307022,0.0139524916369775,0.013232450769595,0.0169174081354667,0.0272560318510822,0.0874944857341606,0.0153495395837063,0.015333286419808,0.00779708941688311,0.00623816004009084,0.00800169781655865,0.00912920104769877,0.00908147692377427,0.00722304386702423,0.00755156082361078,0.00711445153969468,0.00933765390554391,0.00970764854227151,0.00888998053091793,0.0145761710520018,0.0133998734887828
"65","FT332",33.82,48.18,0.0656547518510595,0.00930440788766432,0.027187535080621,0.0373360001662356,0.030761919383335,0.0369142064994835,0.05269717787776,0.0106488531701943,0.0343420715479328,0.0347399366267606,0.0473397248043272,0.0306403475581005,0.0325212504969116,0.0332256355791119,0.0535047949635616,0.0282422282881715,0.0258861984830779,0.0278796283357684,0.0303716692240417,0.0389669568916981,0.0264573375964549
"66","FT338",33,35.42,0.0365323749319684,0.0109556343743342,0.0138447298319449,0.00973434784281118,0.00589546536932914,0.0171252797155093,0.00841206189604979,0.013176837341368,0.015453975482773,0.0162678432748156,0.0127745340566283,0.0173249454304433,0.0134990733486361,0.0241208318684271,0.0129521447828263,0.0201687904413693,0.0158971372110738,0.00653172245672352,0.0204619101934012,0.0142892612723527,0.0254975651639004
"67","FT340",31.5,34.7,0.0467269856640722,0.00465570208210757,0.0139283286614457,0.00397268738197608,0.00779976174247197,0.00850842869834551,0.00327265730472725,0.0048651234651523,0.01179101493455,0.00988642387162402,0.0075765218620438,0.00418924405367099,0.0103539626347684,0.00773410653161866,0.00248864317911918,0.00813053941603279,0.00800902034269331,0.00432976314504818,0.00962281250366213,0.00254240119240703,0.006281468672077
"68","FT359",34.02,-6.83,0.0363699230774665,0.00878880393333746,0.0115191490094006,0.00647652526657916,0.00412651399416928,0.0226204375147643,0.0237288930061614,0.00564790331463692,0.0245469830663974,0.0245607853778253,0.00650614687165578,0.00316195834109204,0.00763558543266301,0.0231657443534992,0.0185461704989292,0.00524404840732301,0.021357411838888,0.017054292299879,0.0203915344632966,0.00583381994185856,0.0185610802016378
"69","FT361",36.4,28.17,0.0267223346137911,0.0052684083420625,0.00666628117898966,0.00436459996684769,0.0121400632865255,0.0148141628977426,0.0163716975953821,0.0219782544938126,0.00629890666596566,0.00507537473455738,0.0107858717556977,0.01328075032808,0.00647318582358586,0.00792290419443564,0.00846689481088638,0.0060443070527389,0.0121443153585181,0.00883664451150187,0.0126603675591374,0.00849220547761045,0.00295786348129221
"70","FT363",34.98,34.02,0.0313459888009805,0.00803762895133046,0.00565402241272475,0.013667663567496,0.0130875841113503,0.0203126751825437,0.0164720693491131,0.00991488370293155,0.00442558607013711,0.0105035986200527,0.0100386637124518,0.0129935837031353,0.0114625642767952,0.0173781088076711,0.00914580153230437,0.0126914858854655,0.0113532629211232,0.0154194915856242,0.0186982472449092,0.00541781392549959,0.00613754743730759
"71","FT376",35.28,62.34,0.0707717165558394,0.0158524782971072,0.00802262304652205,0.00958698880491374,0.00685810558692697,0.00317389062085025,0.0132803829983673,0.0077708199620752,0.00647128207754436,0.0117337254180959,0.0083597695621488,0.00882556749699147,0.00604479242639692,0.0234552267086385,0.00853661798052685,0.00312665958504806,0.00785495996709439,0.00568954356819214,0.00659470128049091,0.00616314145053182,0.00343374429622122
"72","FT393",32.74,35.45,0.0365323749319684,0.0109556343743342,0.0138447298319449,0.00973434784281118,0.00589546536932914,0.0171252797155093,0.00841206189604979,0.013176837341368,0.015453975482773,0.0162678432748156,0.0127745340566283,0.0173249454304433,0.0134990733486361,0.0241208318684271,0.0129521447828263,0.0201687904413693,0.0158971372110738,0.00653172245672352,0.0204619101934012,0.0142892612723527,0.0254975651639004
"73","FT469",37.55,39.7,0.0728566215253823,0.0109864025056943,0.00936852223490287,0.0161879943301571,0.0173131742037707,0.0226381919556079,0.040168357987665,0.0140232580589195,0.0214187598503716,0.0231962565492636,0.040081351770709,0.0190951785095669,0.0225329294029909,0.0194161092887501,0.00777507489818472,0.0295519474966193,0.00856138417428908,0.0115693004093167,0.00844124045548581,0.0164969934803177,0.0212775201527686
"74","FT470",37.33,40.77,0.0728566215253823,0.0109864025056943,0.00936852223490287,0.0161879943301571,0.0173131742037707,0.0226381919556079,0.040168357987665,0.0140232580589195,0.0214187598503716,0.0231962565492636,0.040081351770709,0.0190951785095669,0.0225329294029909,0.0194161092887501,0.00777507489818472,0.0295519474966193,0.00856138417428908,0.0115693004093167,0.00844124045548581,0.0164969934803177,0.0212775201527686
"75","FT507",36.38,43.42,0.071121399787629,0.0104869928441623,0.00505737926417516,0.0125760989661897,0.0235227349546274,0.01509407021926,0.0166975021511971,0.0331826729700711,0.0200725108271719,0.0161127765434471,0.0192049360212404,0.0132194124643437,0.0144510336607218,0.0212208636318033,0.0119404243577422,0.0254105348655978,0.03098012701216,0.01258186505639,0.00836604321074958,0.0158335055202715,0.0132305799297311
"76","FT512",35.61,35.82,0.0313459888009805,0.00803762895133046,0.00565402241272475,0.013667663567496,0.0130875841113503,0.0203126751825437,0.0164720693491131,0.00991488370293155,0.00442558607013711,0.0105035986200527,0.0100386637124518,0.0129935837031353,0.0114625642767952,0.0173781088076711,0.00914580153230437,0.0126914858854655,0.0113532629211232,0.0154194915856242,0.0186982472449092,0.00541781392549959,0.00613754743730759
"77","FT566",38.42,56.68,0.0770471253561229,0.0128346039586083,0.00489771351751037,0.00624069274597049,0.0122845080211493,0.0125870883579603,0.0136093770502271,0.0148828804849449,0.008556250649489,0.017046534606965,0.012396014773327,0.0117633212973209,0.00808467160947722,0.0162021991607652,0.00925821904025273,0.0164849443589457,0.0169509906501416,0.00829394790242943,0.0159223073441155,0.00676373193455357,0.00619431802830082
"78","FT567",41.05,61.88,0.0788218872090845,0.00363035329310472,0.00991465891059595,0.00610485596414704,0.0154240938201382,0.00445176578140026,0.00494051466818317,0.00877142971932206,0.00256241033534211,0.0110119159583134,0.0083958931764901,0.00397123623487707,0.00546602933135751,0.0112413950600786,0.00653179144514791,0.00740786002828556,0.00921116152004056,0.00614473664502653,0.010017386976061,0.00918528809589338,0.00497860414208227
"79","FT568",34.5,63.18,0.0707717165558394,0.0158524782971072,0.00802262304652205,0.00958698880491374,0.00685810558692697,0.00317389062085025,0.0132803829983673,0.0077708199620752,0.00647128207754436,0.0117337254180959,0.0083597695621488,0.00882556749699147,0.00604479242639692,0.0234552267086385,0.00853661798052685,0.00312665958504806,0.00785495996709439,0.00568954356819214,0.00659470128049091,0.00616314145053182,0.00343374429622122
"80","FT572",30.67,35.63,0.0467269856640722,0.00465570208210757,0.0139283286614457,0.00397268738197608,0.00779976174247197,0.00850842869834551,0.00327265730472725,0.0048651234651523,0.01179101493455,0.00988642387162402,0.0075765218620438,0.00418924405367099,0.0103539626347684,0.00773410653161866,0.00248864317911918,0.00813053941603279,0.00800902034269331,0.00432976314504818,0.00962281250366213,0.00254240119240703,0.006281468672077
"81","FT578",40.65,43.1,0.058112484047026,0.00527759396118636,0.00469691814103651,0.0117242273220847,0.0139550305571051,0.00851229677786598,0.00784850539688732,0.0122966530685658,0.0145437079215178,0.0124344182324003,0.00330395250455271,0.0124259970531653,0.0158755144182465,0.0164305651418231,0.00854445716233642,0.00989195235406129,0.00622603289949753,0.00535604685230319,0.0065325604062518,0.00652918073681925,0.00580738423732594
"82","FT581",37.97,41.72,0.0604211213723273,0.00911347608005495,0.0156029940190062,0.00457767539356208,0.00803616888328312,0.00705712077785486,0.00359565645542767,0.00572246446030858,0.0112828725891027,0.0103901941192796,0.00578264037594747,0.0140244236814257,0.00615956084050012,0.0101097620539852,0.00462334567660159,0.0089819663273058,0.00429515110061224,0.00599511845767405,0.00729260461415982,0.012212374134999,0.00528473236254319
"83","FT592",37.07,41.09,0.0728566215253823,0.0109864025056943,0.00936852223490287,0.0161879943301571,0.0173131742037707,0.0226381919556079,0.040168357987665,0.0140232580589195,0.0214187598503716,0.0231962565492636,0.040081351770709,0.0190951785095669,0.0225329294029909,0.0194161092887501,0.00777507489818472,0.0295519474966193,0.00856138417428908,0.0115693004093167,0.00844124045548581,0.0164969934803177,0.0212775201527686
"84","FT613",32.55,49.83,0.0674020929540127,0.0144069981839532,0.0069261279248366,0.0135325893818548,0.00710294344176672,0.0191621133699672,0.0259713723114778,0.0103483508912273,0.0134201364605747,0.0170433632619844,0.013941550227992,0.0108625883212977,0.0122938964807524,0.0113426693960245,0.0106614667646142,0.00964730316997927,0.0104667761537069,0.0112539360991732,0.008905335088134,0.0117905329667564,0.00575425786049118
"85","FT611",35.5,51.25,0.0652362646674592,0.0144864670126028,0.00868868433879874,0.0129314687821791,0.00773494711358161,0.0174697841028857,0.0153990447359907,0.00737865775320873,0.0087521515961231,0.00813793611252131,0.00583687742265325,0.00782320159682646,0.0115481903152618,0.0103848194174442,0.0122132283234184,0.00534806309180575,0.00613256839624586,0.0111798856095041,0.010844543085667,0.00943535298342752,0.00475458914852128
"86","FT604",36.08,43.17,0.071121399787629,0.0104869928441623,0.00505737926417516,0.0125760989661897,0.0235227349546274,0.01509407021926,0.0166975021511971,0.0331826729700711,0.0200725108271719,0.0161127765434471,0.0192049360212404,0.0132194124643437,0.0144510336607218,0.0212208636318033,0.0119404243577422,0.0254105348655978,0.03098012701216,0.01258186505639,0.00836604321074958,0.0158335055202715,0.0132305799297311
"87","FT595",36.33,42.17,0.071121399787629,0.0104869928441623,0.00505737926417516,0.0125760989661897,0.0235227349546274,0.01509407021926,0.0166975021511971,0.0331826729700711,0.0200725108271719,0.0161127765434471,0.0192049360212404,0.0132194124643437,0.0144510336607218,0.0212208636318033,0.0119404243577422,0.0254105348655978,0.03098012701216,0.01258186505639,0.00836604321074958,0.0158335055202715,0.0132305799297311
"88","FT584",36.97,40.5,0.0728566215253823,0.0109864025056943,0.00936852223490287,0.0161879943301571,0.0173131742037707,0.0226381919556079,0.040168357987665,0.0140232580589195,0.0214187598503716,0.0231962565492636,0.040081351770709,0.0190951785095669,0.0225329294029909,0.0194161092887501,0.00777507489818472,0.0295519474966193,0.00856138417428908,0.0115693004093167,0.00844124045548581,0.0164969934803177,0.0212775201527686
"89","HOR1192",38.29,29.01,0.0458892281249292,0.008521341553371,0.0161520237024418,0.00650928084074952,0.00980421411550505,0.00508922647038644,0.0194624442821566,0.0181409283854939,0.00972350814137025,0.00991685925657089,0.0161863381823875,0.0168544484342867,0.00536218784150835,0.0085139527592905,0.0082814019744961,0.0104420171933283,0.00814524669847,0.00794518189689884,0.0153713932955703,0.00773781099384668,0.0120465089295522
"90","HOR742",43.87,18.42,0.0407055923316769,0.0072237061525233,0.00588170546434938,0.00369590908305069,0.0115855590917705,0.00402475448578659,0.00751088116534365,0.00305869515509147,0.00695893837995299,0.00888211215657446,0.0304015620103896,0.0169560629034366,0.00607949677012741,0.00452111729916745,0.0223175285297469,0.00622959841029334,0.00674450073152703,0.0074113519008456,0.0118957566265962,0.0241209933706979,0.00583840482852746
"91","HOR2777",37.63,47.8,0.0604716529452119,0.0212089261710933,0.0157463184870585,0.0106176122811233,0.00870620331513742,0.0157970829408307,0.00966903297505391,0.0205886550168829,0.0153385725968364,0.0100330025569816,0.00596937028269002,0.00603894327717728,0.0114363638530693,0.00761474316547245,0.0121305612680948,0.0110058799862112,0.00661977151137862,0.0189806083669677,0.0119657042705821,0.00668095674536755,0.0105195227172929
"92","HOR1431",34.86,71.14,0.0629633887600027,0.00691615981682945,0.00725668420172647,0.0051597355946006,0.0148789367903898,0.0150142815433721,0.00668956519324289,0.00636049240682205,0.0121843934475559,0.0102482612639757,0.00600558329246397,0.00462062604075316,0.00602825028371305,0.00772272233621401,0.0052218857500656,0.00540365350146168,0.00501667792016971,0.00753361771822576,0.00527359666269711,0.00883288958281674,0.0145510869602481
"93","HOR5702",7.67,36.83,0.0060230802256427,0.00339827598862094,0.00406618034169096,0.00441788036147485,0.00155100975306596,0.004720020228922,0.00647771679079854,0.00429587084761785,0.00228550494254058,0.00637340798256401,0.00647899297265829,0.00392775305136816,0.00479546458015846,0.00730345753635698,0.0044346643479428,0.0061129004833598,0.00371236754516704,0.00253636226602798,0.00138565989600411,0.00361976580933255,0.0018148422000404
"94","FT628",32.6,36.38,0.0714755052973501,0.00922150091696106,0.0137940080442417,0.00373580107444698,0.00530117944981353,0.00855936742505409,0.0125669411079409,0.0101136818621451,0.0125669692089482,0.00907192647177912,0.00271206718115572,0.00324696019113959,0.0195126788764046,0.044527309606692,0.00297220458625508,0.0118868236940626,0.00920403568545219,0.0191046936407729,0.0116446564178197,0.0106252604095249,0.0177017963893011
"95","HOR8826",49.42,20.96,0.0392272965622822,0.00496479312366724,0.0044199323748814,0.00958669334158158,0.00438929990259929,0.00273848438196897,0.00397199866056837,0.00250855567432831,0.00327529095666387,0.00270182256748143,0.00554618996710387,0.00365998658931923,0.00293308833750077,0.00352528025020049,0.00346323405604001,0.00680109543085565,0.00420756034116454,0.008705557947568,0.00674026360401378,0.00610147822774531,0.00242354829214366
"96","FT582",37.09,42.1,0.071121399787629,0.0104869928441623,0.00505737926417516,0.0125760989661897,0.0235227349546274,0.01509407021926,0.0166975021511971,0.0331826729700711,0.0200725108271719,0.0161127765434471,0.0192049360212404,0.0132194124643437,0.0144510336607218,0.0212208636318033,0.0119404243577422,0.0254105348655978,0.03098012701216,0.01258186505639,0.00836604321074958,0.0158335055202715,0.0132305799297311
"97","FT626",32.1,35.72,0.0467269856640722,0.00465570208210757,0.0139283286614457,0.00397268738197608,0.00779976174247197,0.00850842869834551,0.00327265730472725,0.0048651234651523,0.01179101493455,0.00988642387162402,0.0075765218620438,0.00418924405367099,0.0103539626347684,0.00773410653161866,0.00248864317911918,0.00813053941603279,0.00800902034269331,0.00432976314504818,0.00962281250366213,0.00254240119240703,0.006281468672077
"98","FT627",32.02,35.9,0.0467269856640722,0.00465570208210757,0.0139283286614457,0.00397268738197608,0.00779976174247197,0.00850842869834551,0.00327265730472725,0.0048651234651523,0.01179101493455,0.00988642387162402,0.0075765218620438,0.00418924405367099,0.0103539626347684,0.00773410653161866,0.00248864317911918,0.00813053941603279,0.00800902034269331,0.00432976314504818,0.00962281250366213,0.00254240119240703,0.006281468672077
"99","HOR8842",37.57,-6.75,0.015596382104724,0.00835722940339607,0.00559158266218925,0.0192666680442364,0.015897193839134,0.0077157401427272,0.0135222810246541,0.00312187348805028,0.00572528290619358,0.0214079894368562,0.0322295691036402,0.0100787370919401,0.0110797903807087,0.0102352427778138,0.0146518036229846,0.0316103728664191,0.00483397608369032,0.0115213996630492,0.00449525330424772,0.0062433679027675,0.0084105047851815
"100","HOR454",40.65,27.92,0.0401020313048858,0.00659643388719372,0.00585074102983227,0.00330810204232461,0.00792344134461375,0.00910259111095603,0.0125297297779279,0.0252229464221783,0.00658406745305512,0.00627204739267109,0.0069186353410638,0.0112822126484909,0.00484241906154336,0.00636571993920468,0.010256663466385,0.0141366336689124,0.00851641743916542,0.00560989771178318,0.0074579342146399,0.00491051259013559,0.00681091751190561
"101","HOR7436",49.36,18.89,0.0392272965622822,0.00496479312366724,0.0044199323748814,0.00958669334158158,0.00438929990259929,0.00273848438196897,0.00397199866056837,0.00250855567432831,0.00327529095666387,0.00270182256748143,0.00554618996710387,0.00365998658931923,0.00293308833750077,0.00352528025020049,0.00346323405604001,0.00680109543085565,0.00420756034116454,0.008705557947568,0.00674026360401378,0.00610147822774531,0.00242354829214366
"102","HOR3938",28.21,-16.78,0.0256231826825072,0.00379318494791111,0.0025253027769871,0.00248700838223084,0.00234702407890647,0.00279446817972459,0.00253290708656637,0.00270548776978221,0.00195418825539845,0.00236723560246774,0.00259428013628435,0.00206855592939901,0.00178956196616576,0.00230581481740747,0.00355217478417192,0.00338429269557717,0.00252189834100734,0.00241896289565598,0.0039707869915983,0.00293563334448337,0.0023512971858158
"103","FT590",35.01,36.7,0.0747000847606749,0.00419605782173312,0.0113002029375551,0.00786049332529316,0.0101188682081504,0.0157474189221457,0.0284523911506527,0.00895030929469227,0.0148613098070121,0.0065897852781214,0.00934523417106335,0.0156791887281813,0.0406509878087135,0.0132768662743924,0.00177005298395256,0.0140203252333502,0.00401681882285641,0.0160584820190035,0.0142673927893683,0.0142174201825068,0.0178018858884034
"104","FT589",35.03,37.01,0.0747000847606749,0.00419605782173312,0.0113002029375551,0.00786049332529316,0.0101188682081504,0.0157474189221457,0.0284523911506527,0.00895030929469227,0.0148613098070121,0.0065897852781214,0.00934523417106335,0.0156791887281813,0.0406509878087135,0.0132768662743924,0.00177005298395256,0.0140203252333502,0.00401681882285641,0.0160584820190035,0.0142673927893683,0.0142174201825068,0.0178018858884034
"105","BCC1481",61.78,34.35,0.0542604519254234,0.00764547524800499,0.00230526941986209,0.00318525107199784,0.00589481024707874,0.00358626542075756,0.00919093201372082,0.00311402270299234,0.00299323012674223,0.00574600370834461,0.00296065340825748,0.00236215031926998,0.0100209958968075,0.00305340252288388,0.00736164434403082,0.00404856912408707,0.00454346228526143,0.00721306025972366,0.00904129003376057,0.00697771825549632,0.00337638450510739
"106","BCC190",36.83,40.07,0.0728566215253823,0.0109864025056943,0.00936852223490287,0.0161879943301571,0.0173131742037707,0.0226381919556079,0.040168357987665,0.0140232580589195,0.0214187598503716,0.0231962565492636,0.040081351770709,0.0190951785095669,0.0225329294029909,0.0194161092887501,0.00777507489818472,0.0295519474966193,0.00856138417428908,0.0115693004093167,0.00844124045548581,0.0164969934803177,0.0212775201527686
"107","HOR11403",31.1,77.17,0.030400405526873,0.0119631525106447,0.00701889225177695,0.0173112673519009,0.00959147642650383,0.00857625408951633,0.00795355476945029,0.00942134882031927,0.0211088514675232,0.0168950102569079,0.0117754276808387,0.00759983106025162,0.0106828760822401,0.0109963792508538,0.00824686287204416,0.0097049920581881,0.0088193234660125,0.0109244945996161,0.0092955449779723,0.00834778447815718,0.0143991999715839
"108","FT519",31,112,0.0289757901883084,0.00525730791564642,0.00429404811671153,0.00883818275404927,0.00907647772943859,0.00751923590098777,0.0141845694622161,0.00971192466841984,0.00644941561479789,0.00738260151044606,0.00733275075882984,0.00875064439235403,0.0074694240516005,0.00793861655691427,0.00771267432122976,0.0115448641306631,0.0055629797714911,0.0068455198122022,0.00752269693458087,0.00702919283230971,0.00818673152508571
"109","BCC131",32.05,-3.05,0.0392272877990847,0.0396170779939178,0.040089454549367,0.015208848196719,0.0313168534350408,0.0187799667154107,0.0434815978916103,0.0287201886389545,0.043338241397322,0.024509290522451,0.0380756164116939,0.0225855116932915,0.0317420543551407,0.0348089647908075,0.0238874177956387,0.0402800013451503,0.0423987643179868,0.019360985615497,0.0223986152384977,0.00673040262875408,0.0173969946077566
"110","BCC192",36.38,38.96,0.0728566215253823,0.0109864025056943,0.00936852223490287,0.0161879943301571,0.0173131742037707,0.0226381919556079,0.040168357987665,0.0140232580589195,0.0214187598503716,0.0231962565492636,0.040081351770709,0.0190951785095669,0.0225329294029909,0.0194161092887501,0.00777507489818472,0.0295519474966193,0.00856138417428908,0.0115693004093167,0.00844124045548581,0.0164969934803177,0.0212775201527686
"111","BCC1487",42.98,47.5,0.0350344041615415,0.00788137023444469,0.00919455201687689,0.00628193268705919,0.00761403483458341,0.0115050225900758,0.0131222127640577,0.0100502264491866,0.0098875708384237,0.0139489466669708,0.0436015555402994,0.0226648977354471,0.0249337548190684,0.00910322683682306,0.00968364571573974,0.00915111681219127,0.0120874465052369,0.0072951621894461,0.00768380673458713,0.00776440913130576,0.00776428232187725
"112","BCC195",33.82,36.54,0.0714755052973501,0.00922150091696106,0.0137940080442417,0.00373580107444698,0.00530117944981353,0.00855936742505409,0.0125669411079409,0.0101136818621451,0.0125669692089482,0.00907192647177912,0.00271206718115572,0.00324696019113959,0.0195126788764046,0.044527309606692,0.00297220458625508,0.0118868236940626,0.00920403568545219,0.0191046936407729,0.0116446564178197,0.0106252604095249,0.0177017963893011
"113","HOR8113",39.25,29.5,0.0458892281249292,0.008521341553371,0.0161520237024418,0.00650928084074952,0.00980421411550505,0.00508922647038644,0.0194624442821566,0.0181409283854939,0.00972350814137025,0.00991685925657089,0.0161863381823875,0.0168544484342867,0.00536218784150835,0.0085139527592905,0.0082814019744961,0.0104420171933283,0.00814524669847,0.00794518189689884,0.0153713932955703,0.00773781099384668,0.0120465089295522
"114","FT226",31.78,35.22,0.0467269856640722,0.00465570208210757,0.0139283286614457,0.00397268738197608,0.00779976174247197,0.00850842869834551,0.00327265730472725,0.0048651234651523,0.01179101493455,0.00988642387162402,0.0075765218620438,0.00418924405367099,0.0103539626347684,0.00773410653161866,0.00248864317911918,0.00813053941603279,0.00800902034269331,0.00432976314504818,0.00962281250366213,0.00254240119240703,0.006281468672077
"115","HOR10152",26.23,14.88,0.0661297553394585,0.0137838033797695,0.0227081455667006,0.0190628897076165,0.0153189735826627,0.0129087676131366,0.00501547761412514,0.0169515285329802,0.0170956629204029,0.0213864545776641,0.00718125115286024,0.0059883562885431,0.00715835406843756,0.0127417785252096,0.00259656530164112,0.0133764818858344,0.00691931279842154,0.0170561042518789,0.0271943229385794,0.050927244124009,0.00461186337828708
"116","HOR8827",49.63,20.6,0.0392272965622822,0.00496479312366724,0.0044199323748814,0.00958669334158158,0.00438929990259929,0.00273848438196897,0.00397199866056837,0.00250855567432831,0.00327529095666387,0.00270182256748143,0.00554618996710387,0.00365998658931923,0.00293308833750077,0.00352528025020049,0.00346323405604001,0.00680109543085565,0.00420756034116454,0.008705557947568,0.00674026360401378,0.00610147822774531,0.00242354829214366
"117","HOR1463",35.91,71.31,0.0544857925681704,0.0261471263380621,0.0102017734743189,0.00870163564709639,0.00912636413223953,0.0106407525501693,0.00889240412669893,0.0133383161960594,0.0116262822477389,0.00880874954513712,0.0113599081651494,0.0100622410420516,0.00948141382872855,0.00757496488167803,0.0256897784150612,0.010907557687746,0.00964069582319955,0.0142469095582275,0.0119003768099182,0.008195683098243,0.010338018474671
"118","HOR6360",7.47,36.88,0.035206665142004,0.038435333439517,0.0204837494341295,0.025462203769182,0.00575889496534286,0.0121049028888828,0.0044696746528853,0.0121158105525302,0.00581185784399085,0.01498279743324,0.0294674191959291,0.0165389047609109,0.00433502272276976,0.0212695282256384,0.00705113006496584,0.0178308301039514,0.0157928638936937,0.0161833492752443,0.0218229895809289,0.0267755763170584,0.00791368807608035
"119","BCC126",31.37,-5.79,0.0496379820225597,0.0297963748224357,0.0418443882053737,0.0438094635114357,0.0416363644939453,0.0374350809914626,0.0420238384398243,0.0238257090889141,0.0441111617417,0.0162911419557946,0.0183809260536264,0.0375384533286276,0.0442213216672923,0.00920082831772682,0.0283972405852154,0.038639807258614,0.0442528971679212,0.0220860651304383,0.0320387357464555,0.00633856973968181,0.0159025054956661
"120","BCC003",34.63,65.75,0.0685630140674725,0.0155871912618148,0.00640766187137332,0.0063209712651738,0.0069878674218659,0.00517058779223065,0.00865704325022741,0.0074437394153232,0.00544417092795917,0.00931789717610598,0.00945845605158264,0.00809491979803758,0.007949091189228,0.0156732198538773,0.0202712920991461,0.00554202665606301,0.00737888383783879,0.00594982082563422,0.00546026792971129,0.00793112828175977,0.00561216852539693
"121","BCC167",22.67,57.33,0.0334606678683385,0.016554118655619,0.0450923800898468,0.0605604294045729,0.0172919686977527,0.0445504835548546,0.054099232406463,0.0109319746975071,0.00895363959348833,0.00741144728668895,0.0148697871127488,0.0417904598992222,0.0528683954738516,0.0623776787932759,0.0139091912079496,0.0174147234999438,0.0135775129458096,0.0134624513107412,0.0193185876496292,0.0142751402376559,0.0161010803490532
"122","BCC182",36.3,73.37,0.0464931493819409,0.0250275893695877,0.00578528076772534,0.00637014464170432,0.00688769661842025,0.00979498952864668,0.00875066175672129,0.00826012489351806,0.00888221118216896,0.0103009322019577,0.00771890201629136,0.0080145794453114,0.00878458857742839,0.0195793911097646,0.005932323844458,0.00729381061497601,0.0048283206259153,0.0255516570452866,0.022586064241963,0.0075248104214838,0.00517762463609348
"123","BCC197",36.12,36.46,0.0679229207663122,0.0111632348283692,0.0143785749750222,0.0169227413411289,0.0188310018003257,0.0216478174678646,0.0229970745453974,0.0111144126720945,0.0250877849413001,0.0295615586139529,0.0132732379485312,0.0206285999678612,0.0274763873645918,0.0145216539963621,0.00860916454509698,0.0276424707463909,0.00465212770076376,0.0194068057459425,0.018200500495732,0.0142974355480685,0.0199335781696875
"124","BCC761",28.36,83.74,0.00713495677117364,0.0122023542800521,0.00172176430465685,0.00104514510850962,0.00605063551604795,0.00255298553051438,0.00268025767791649,0.00138849982007092,0.00108954065695065,0.00288255000235447,0.00851571365805804,0.00201434112010522,0.00227815786807263,0.00348515490165836,0.00266376479847264,0.00194464788997247,0.00453088964242114,0.00227849852803139,0.00148824010165549,0.00242274091838203,0.0013661466510188
"125","BCC1488",51,142.64,0.0513958661064226,0.00381415073807622,0.00630170875961046,0.0274819950309389,0.0057547693398278,0.0044914756535963,0.0064655047894015,0.00710944345588267,0.0063040065505423,0.00646611479868674,0.0052056754556524,0.00600925231012907,0.00685473612973712,0.00652681753641959,0.00769973576678796,0.00504176864706054,0.00876720882556017,0.00640576844904047,0.00453618202991712,0.0244075704436068,0.00416378471741425
"126","BCC1503",37.94,58.38,0.077249222389755,0.0116987187553607,0.00559224167295762,0.00591302556914419,0.0135814334551346,0.0114308392488755,0.0148042645902952,0.0136892636628029,0.00984260958054762,0.018103112901379,0.0115765194233015,0.0130920672437516,0.00754955739095588,0.0153505811152024,0.0105589517245473,0.00785275234077618,0.0101998353614081,0.00964722660327107,0.0150540565858309,0.00595857553506357,0.00720656167915879
"127","BCC1494",50.3,57.18,0.0564392576396367,0.00633105586075996,0.00545277679850647,0.00863132774286385,0.0043929261215359,0.00643365551582032,0.01028890940325,0.00999861124169115,0.0145367544125889,0.0122465644714219,0.0148106370312288,0.0109964275675942,0.00806490241710517,0.00533974094387874,0.00965720051804188,0.0117187121687077,0.0103329799704847,0.0104733329167994,0.0102940091822211,0.00872161238003225,0.00711732071779377
"128","HOR1804",35,71.15,0.0629633887600027,0.00691615981682945,0.00725668420172647,0.0051597355946006,0.0148789367903898,0.0150142815433721,0.00668956519324289,0.00636049240682205,0.0121843934475559,0.0102482612639757,0.00600558329246397,0.00462062604075316,0.00602825028371305,0.00772272233621401,0.0052218857500656,0.00540365350146168,0.00501667792016971,0.00753361771822576,0.00527359666269711,0.00883288958281674,0.0145510869602481
"129","HOR1842",36.27,72.38,0.0464931493819409,0.0250275893695877,0.00578528076772534,0.00637014464170432,0.00688769661842025,0.00979498952864668,0.00875066175672129,0.00826012489351806,0.00888221118216896,0.0103009322019577,0.00771890201629136,0.0080145794453114,0.00878458857742839,0.0195793911097646,0.005932323844458,0.00729381061497601,0.0048283206259153,0.0255516570452866,0.022586064241963,0.0075248104214838,0.00517762463609348
"130","BCC1589",37.93,12.73,0.0135440391643095,0.0048719983778581,0.00934302288518054,0.0106119359916055,0.0204407130708357,0.00914183101925601,0.0157312075183271,0.00399898820759189,0.00711671358880578,0.00688454048859605,0.00793171505674875,0.00888440762101901,0.0052346955794009,0.0122530349110427,0.0162752403560252,0.0224830214147698,0.0048772895698683,0.00983563779012535,0.00207258590610783,0.0120311945790471,0.0247446925195923
"131","HOR2800",31.53,48.82,0.055425222868357,0.00819916678962961,0.0167058075849847,0.0188158593388732,0.0191797897958562,0.0312776015232303,0.0301022724228421,0.0250562777330321,0.0501709808324173,0.0265880378851217,0.0168024530517567,0.0240378567734439,0.0195757477358262,0.0105355570386158,0.0156059045524895,0.0225977315865952,0.0208888726543503,0.0245564456651563,0.0370344861694371,0.0320141934542572,0.0267794402346161
"132","HOR2829",34.58,48.82,0.0652362646674592,0.0144864670126028,0.00868868433879874,0.0129314687821791,0.00773494711358161,0.0174697841028857,0.0153990447359907,0.00737865775320873,0.0087521515961231,0.00813793611252131,0.00583687742265325,0.00782320159682646,0.0115481903152618,0.0103848194174442,0.0122132283234184,0.00534806309180575,0.00613256839624586,0.0111798856095041,0.010844543085667,0.00943535298342752,0.00475458914852128
"133","FT411",46.31,7.85,0.0424451927811578,0.00287289556006266,0.00435393525763695,0.00463766126721593,0.00212572957514501,0.00411878063727535,0.00411155708653601,0.0029248009667945,0.00276756792094526,0.0020031347640928,0.00467373706055492,0.00396746253997254,0.00367977763804937,0.00387583108531647,0.00380234448082983,0.00582644301361807,0.00442153786548896,0.00850310916413371,0.00502398832646564,0.00513709715406125,0.00432853447518835
"134","FT414",15.36,44.21,0.00992008905900864,0.00284683936440055,0.00285104892406072,0.00549582282844785,0.00246484821443959,0.00325233004876644,0.0033242160338992,0.00367850548027639,0.0033610709608922,0.00776503686274063,0.00646350144584402,0.00912213830744832,0.00314016679128702,0.00843714763362709,0.00234100907282675,0.00277893466043485,0.00280298880890593,0.00950418103997997,0.00744385419996451,0.00483083795209789,0.00582522398265455
"135","HOR12830",36.7,38.09,0.0679229207663122,0.0111632348283692,0.0143785749750222,0.0169227413411289,0.0188310018003257,0.0216478174678646,0.0229970745453974,0.0111144126720945,0.0250877849413001,0.0295615586139529,0.0132732379485312,0.0206285999678612,0.0274763873645918,0.0145216539963621,0.00860916454509698,0.0276424707463909,0.00465212770076376,0.0194068057459425,0.018200500495732,0.0142974355480685,0.0199335781696875
"136","FT524",39.5,126.4,0.0427177296249466,0.00262800978662303,0.00247707691160409,0.00251161864082869,0.00284935507428102,0.00317282408530415,0.00267145606842387,0.00563607315282773,0.00240654491931691,0.00229639505205547,0.00247389089629483,0.00497896458789086,0.00418325327416305,0.00251532670465906,0.00338893819112874,0.00821805919738285,0.00364603180056622,0.00304954502188823,0.00223570931550692,0.00373416603423747,0.00345933712251825
"137","FT539",37.57,44.28,0.064966784843128,0.00476382452068572,0.00770992074841746,0.00902996876110231,0.00716700893770303,0.0124383727694293,0.0139227001241785,0.0105667789520454,0.00918015511686103,0.00885237012989379,0.0084278974912395,0.008815631723469,0.00853707074330251,0.0121317162647882,0.00906309692747114,0.0111360262635826,0.00734586887474369,0.0144799437087372,0.00885051657888584,0.0074934123574362,0.00552631182925963
"138","FT520",42.82,75.28,0.0582661092379583,0.00562800520034829,0.00626082796342781,0.0110869569884985,0.00330427205118486,0.00763782119824451,0.00582781654272073,0.00486417900129323,0.00900495299460659,0.00885646111063694,0.00496665267250142,0.00417623163534796,0.00679072770506909,0.0099970417087364,0.00629534230404702,0.00379103224387524,0.00517574690409702,0.0102545108396521,0.00636116520955037,0.00364887757719486,0.00507910333862666
"139","FT521",42.73,2.68,0.0198538058885708,0.0187054445083104,0.0137266345297252,0.00728861312527788,0.00340930302991005,0.0163080469822414,0.00829230258528102,0.00774873096810026,0.00307935804195761,0.00494997074227655,0.0158710009483871,0.00346862652522018,0.0159140129762336,0.00631680740683203,0.013384457769929,0.0121606383864964,0.013202088679868,0.00554465581292592,0.0159033334479918,0.00659440705760242,0.00655369107029096
"140","FT523",41.6,60.15,0.0769495648509835,0.00477314351782502,0.00815765975784666,0.0076795224261761,0.0153120083605114,0.00598816347622999,0.00555977110778348,0.00773167503340169,0.00555395537608006,0.0106041946007384,0.00615529019917746,0.00788797906584144,0.00836690025752558,0.0108477065464174,0.00586666776180122,0.00640808182491353,0.00812756240307011,0.0115335788308936,0.0101871067833103,0.0107882131193425,0.0101988379904536
"141","BCC168",23.17,57.67,0.0392294838477972,0.0454794332267602,0.0719051905814078,0.0592782357276342,0.0204604651796064,0.0452032276337396,0.0530983451549285,0.0164522919993423,0.0122207321878214,0.00638812385855251,0.0171997151632818,0.0415403387501378,0.0650001859463279,0.0584713128265519,0.0178413850910219,0.0207413196076318,0.013343857980186,0.0169464643606834,0.0213292267195562,0.0194383122080704,0.0174918634411664
"142","HOR14153",12.04,18.79,0.0279539850010844,0.0023033548581657,0.0159499379953813,0.0053797874886373,0.00680314432928608,0.000931587259015061,0.00954097176041114,0.00376214730096231,0.00245135448731689,0.0040399473474082,0.00492541091081535,0.00153616001707105,0.00117150700662635,0.00777315254277419,0.0155487346891727,0.00312258772164836,0.00404776510087313,0.00477460189992449,0.00228933313471718,0.00297425060728965,0.00192254665411268
"143","HOR14279",14.7,39.43,0.0189618214602576,0.00721530578008135,0.00285868419466653,0.00957498841789498,0.00323625156033235,0.00385688798161496,0.00553943348733257,0.00343177511352359,0.0032773982347014,0.00788675905095782,0.00736295583673043,0.00593746374839264,0.00153652340719478,0.00353084309658648,0.00730562301403774,0.00450445871671832,0.0126463131099089,0.0078051562200301,0.0086264957202064,0.00606769585500767,0.00663493280909642
"144","FT553",31.77,35.23,0.0467269856640722,0.00465570208210757,0.0139283286614457,0.00397268738197608,0.00779976174247197,0.00850842869834551,0.00327265730472725,0.0048651234651523,0.01179101493455,0.00988642387162402,0.0075765218620438,0.00418924405367099,0.0103539626347684,0.00773410653161866,0.00248864317911918,0.00813053941603279,0.00800902034269331,0.00432976314504818,0.00962281250366213,0.00254240119240703,0.006281468672077
"145","FT549",31.72,35.8,0.0467269856640722,0.00465570208210757,0.0139283286614457,0.00397268738197608,0.00779976174247197,0.00850842869834551,0.00327265730472725,0.0048651234651523,0.01179101493455,0.00988642387162402,0.0075765218620438,0.00418924405367099,0.0103539626347684,0.00773410653161866,0.00248864317911918,0.00813053941603279,0.00800902034269331,0.00432976314504818,0.00962281250366213,0.00254240119240703,0.006281468672077
"146","FT554",37.33,68.67,0.0643848857005982,0.0122372577900283,0.00538190850181958,0.00824970789206888,0.0077230616726929,0.00754796720700845,0.00778640396665505,0.00675588946607514,0.00438573868216765,0.00670583454910232,0.00827775030155527,0.00674891754544998,0.00762467023662725,0.00940317232368291,0.0129296730647816,0.00656025356132236,0.00498728967800689,0.00843358696211538,0.00638662888978183,0.00468124287616351,0.0053394197217018
"147","BCC42",34.22,-1.25,0.018066940727465,0.0316986546530966,0.0367652893068283,0.0300566031157262,0.0361756267800386,0.0189801972444645,0.0110453124433942,0.0272393282331419,0.00604803521791096,0.00774200332541782,0.0098333120259131,0.00781985984708787,0.00601015327445697,0.0323852318242103,0.0142118365624815,0.0280167944694718,0.0212040172866127,0.0209305501784299,0.0434234291263534,0.0167158819979037,0.0305428032520029
"148","FT561",29.25,80.92,0.0135184535717471,0.0101176670695594,0.0134143096926349,0.016579505757416,0.00364632136179558,0.0114560149392618,0.00865596232325981,0.00540280436123882,0.00551508696062377,0.00494212779415409,0.00483008547498804,0.0121474146654364,0.00209649121809016,0.0100027081628231,0.0146521655042235,0.00733738843815609,0.0157711548723305,0.0111564320369277,0.0119365855812529,0.00872442931110625,0.0109931092678627
"149","BCC21",28.31,30.71,0.0607041224047841,0.0259087018870936,0.0249750004289522,0.00460645185795917,0.0043633963805988,0.0138517299571359,0.00190558885866749,0.00139650156663579,0.00927636071808016,0.0278989073890722,0.0163581431698177,0.00276775865188264,0.0271288405109257,0.0448359258866476,0.00750899811803515,0.00342235011280903,0.00706931269882019,0.00753135152575272,0.00504348855632248,0.00354960297818019,0.00539067669075446
"150","FT555",39.18,41.17,0.0618770576417867,0.00521626705429163,0.0047936898660427,0.00540628283148509,0.00757048512256563,0.0102107075360339,0.0113629937951556,0.0098227454455358,0.00660699671727267,0.00578759076668217,0.0103819378828664,0.020843485158171,0.00549198538177395,0.0072351743754878,0.0045723540120635,0.0111449640768665,0.00452200080239408,0.00531560839071685,0.00481081017537769,0.00722618816832976,0.00705318508213919
"151","BCC51",30.57,34.48,0.0467269856640722,0.00465570208210757,0.0139283286614457,0.00397268738197608,0.00779976174247197,0.00850842869834551,0.00327265730472725,0.0048651234651523,0.01179101493455,0.00988642387162402,0.0075765218620438,0.00418924405367099,0.0103539626347684,0.00773410653161866,0.00248864317911918,0.00813053941603279,0.00800902034269331,0.00432976314504818,0.00962281250366213,0.00254240119240703,0.006281468672077
"152","BCC107",33.93,36.1,0.0365323749319684,0.0109556343743342,0.0138447298319449,0.00973434784281118,0.00589546536932914,0.0171252797155093,0.00841206189604979,0.013176837341368,0.015453975482773,0.0162678432748156,0.0127745340566283,0.0173249454304433,0.0134990733486361,0.0241208318684271,0.0129521447828263,0.0201687904413693,0.0158971372110738,0.00653172245672352,0.0204619101934012,0.0142892612723527,0.0254975651639004
"153","BCC103",32.12,36.27,0.0688079703682678,0.011561073887798,0.0165726906830389,0.00411157084490951,0.00826356712133658,0.0103815533700333,0.00805739181671244,0.00988401806691463,0.0151029425190975,0.0128062343291163,0.00598539188588614,0.00589242685855521,0.0195146744161638,0.0421580133150228,0.00166476166749549,0.0134354451735986,0.00939964748200055,0.0205407093963412,0.0131807442243142,0.00219441550294716,0.00486101915444344
"154","BCC105",31.28,35.83,0.0467269856640722,0.00465570208210757,0.0139283286614457,0.00397268738197608,0.00779976174247197,0.00850842869834551,0.00327265730472725,0.0048651234651523,0.01179101493455,0.00988642387162402,0.0075765218620438,0.00418924405367099,0.0103539626347684,0.00773410653161866,0.00248864317911918,0.00813053941603279,0.00800902034269331,0.00432976314504818,0.00962281250366213,0.00254240119240703,0.006281468672077
"155","HOR12762",38.28,67.9,0.0679984093563874,0.00957870394737332,0.00446433359906142,0.0062938084190051,0.0068281426655822,0.00444541957810042,0.0107251251329573,0.00667333046634496,0.012330955692751,0.00866553244457093,0.004698883784209,0.00749217591068041,0.0038008974854356,0.0116531987178341,0.0107165304726216,0.00683126954375125,0.00553090741868203,0.0113177221771379,0.00745701055128987,0.0097264565246946,0.00779247816842045
"156","FT630",33.47,35.87,0.0365323749319684,0.0109556343743342,0.0138447298319449,0.00973434784281118,0.00589546536932914,0.0171252797155093,0.00841206189604979,0.013176837341368,0.015453975482773,0.0162678432748156,0.0127745340566283,0.0173249454304433,0.0134990733486361,0.0241208318684271,0.0129521447828263,0.0201687904413693,0.0158971372110738,0.00653172245672352,0.0204619101934012,0.0142892612723527,0.0254975651639004
"157","FT631",33.93,36.1,0.0365323749319684,0.0109556343743342,0.0138447298319449,0.00973434784281118,0.00589546536932914,0.0171252797155093,0.00841206189604979,0.013176837341368,0.015453975482773,0.0162678432748156,0.0127745340566283,0.0173249454304433,0.0134990733486361,0.0241208318684271,0.0129521447828263,0.0201687904413693,0.0158971372110738,0.00653172245672352,0.0204619101934012,0.0142892612723527,0.0254975651639004
"158","FT632",37.08,42.07,0.071121399787629,0.0104869928441623,0.00505737926417516,0.0125760989661897,0.0235227349546274,0.01509407021926,0.0166975021511971,0.0331826729700711,0.0200725108271719,0.0161127765434471,0.0192049360212404,0.0132194124643437,0.0144510336607218,0.0212208636318033,0.0119404243577422,0.0254105348655978,0.03098012701216,0.01258186505639,0.00836604321074958,0.0158335055202715,0.0132305799297311
"159","FT657",29.61,52.52,0.0286531124716737,0.0118230537822741,0.0121945702292673,0.0338661188372776,0.0494857794188313,0.0649122106412808,0.0369856634758925,0.0162943777424424,0.0217168938882154,0.0193730792212394,0.0307578628058068,0.0204913981141095,0.0157564717656857,0.0181981617446819,0.0148095822599448,0.0293285510622888,0.00913278025440276,0.0149789190425945,0.0151771399822353,0.0380569626324358,0.0597161564355752
"160","FT658",35.37,43.2,0.0726268427956782,0.0163962294781867,0.0167957012795843,0.0198006158635973,0.014513213019573,0.0280191306417882,0.052538968488928,0.0423007662444309,0.0154384893258077,0.0202965314041066,0.0411253974674654,0.0192791582233368,0.0234038401406493,0.0442988037321369,0.0108974965723002,0.0250621147507537,0.0518506911198596,0.0142457611508682,0.0100114036149256,0.0189572285814817,0.0237271156114554
"161","FT660",36.75,45.7,0.064966784843128,0.00476382452068572,0.00770992074841746,0.00902996876110231,0.00716700893770303,0.0124383727694293,0.0139227001241785,0.0105667789520454,0.00918015511686103,0.00885237012989379,0.0084278974912395,0.008815631723469,0.00853707074330251,0.0121317162647882,0.00906309692747114,0.0111360262635826,0.00734586887474369,0.0144799437087372,0.00885051657888584,0.0074934123574362,0.00552631182925963
"162","FT661",38.5,47.2,0.0465448537786168,0.00650815888774343,0.00416709218693842,0.00725460345486441,0.0097902415056975,0.00424065383736905,0.010887793947926,0.0068884767477814,0.00886128892128187,0.0118900852526805,0.0119325274824012,0.0151959682767648,0.004850289122649,0.00758075013589745,0.0118831807976486,0.0136962491378741,0.0126634882706076,0.0142684350197992,0.0101431156163335,0.00505069297454024,0.0097649122016977
"163","FT735",37.79,39.96,0.0728566215253823,0.0109864025056943,0.00936852223490287,0.0161879943301571,0.0173131742037707,0.0226381919556079,0.040168357987665,0.0140232580589195,0.0214187598503716,0.0231962565492636,0.040081351770709,0.0190951785095669,0.0225329294029909,0.0194161092887501,0.00777507489818472,0.0295519474966193,0.00856138417428908,0.0115693004093167,0.00844124045548581,0.0164969934803177,0.0212775201527686
"164","HOR10551",37.58,13.75,0.0162384839487616,0.0173248342899183,0.0355945621736409,0.0185654189093879,0.0337534205662945,0.0124553339844089,0.00857726844817647,0.00617339502317525,0.00649935365028279,0.00751419125944792,0.00800323495428016,0.00662588206839405,0.00472015748895582,0.0197383750876374,0.0242002598082258,0.0079170692756604,0.0195825759241437,0.00653303204757682,0.0126800859906171,0.014802319272265,0.0339042320953978
"165","HOR2766",24.05,23.31,0.064987827589929,0.0168051788503775,0.0173690230821436,0.0150743474120716,0.0143951660956596,0.00580822861592102,0.0058333129086273,0.0154174887371304,0.0040435652726435,0.0243634892730385,0.00226994890722614,0.00234152431205813,0.00360548691037191,0.00534610915312075,0.00419667415305908,0.00486010934089362,0.00432626484086436,0.0142608539386582,0.0329282838604091,0.0549882327673018,0.00359750522291573
"166","FT880",35.27,47.03,0.0635225482568004,0.0117803755275853,0.00766865532618562,0.0156510340563715,0.0132027083071639,0.0254065856178079,0.0292570976058754,0.0117362358443296,0.0154242156410779,0.0205079366623913,0.0171925707150831,0.0153042601877401,0.0111923672770343,0.00917699143339296,0.0168650613500842,0.0212102443002834,0.0330877459348886,0.00648599204544004,0.0138440706433275,0.0135054606969147,0.0077599701537956
"167","FT879",34.53,45.94,0.0669976602036043,0.0197972890434257,0.0164385338803599,0.0218608573177364,0.0186412636418974,0.0285599264218406,0.0380667206895151,0.020386910582736,0.018949753549444,0.0234852273461218,0.0390859147630631,0.0198140747501819,0.0244353913395846,0.0487978638699076,0.0297466787386176,0.0255201785394102,0.035347281285642,0.0477878022564517,0.0139916963450563,0.0253166769925718,0.0184901938357008
"168","FT748",37.32,37.73,0.0679229207663122,0.0111632348283692,0.0143785749750222,0.0169227413411289,0.0188310018003257,0.0216478174678646,0.0229970745453974,0.0111144126720945,0.0250877849413001,0.0295615586139529,0.0132732379485312,0.0206285999678612,0.0274763873645918,0.0145216539963621,0.00860916454509698,0.0276424707463909,0.00465212770076376,0.0194068057459425,0.018200500495732,0.0142974355480685,0.0199335781696875
"169","FT733",36.26,36.47,0.0679229207663122,0.0111632348283692,0.0143785749750222,0.0169227413411289,0.0188310018003257,0.0216478174678646,0.0229970745453974,0.0111144126720945,0.0250877849413001,0.0295615586139529,0.0132732379485312,0.0206285999678612,0.0274763873645918,0.0145216539963621,0.00860916454509698,0.0276424707463909,0.00465212770076376,0.0194068057459425,0.018200500495732,0.0142974355480685,0.0199335781696875
"170","FT731",37.42,37.28,0.0679229207663122,0.0111632348283692,0.0143785749750222,0.0169227413411289,0.0188310018003257,0.0216478174678646,0.0229970745453974,0.0111144126720945,0.0250877849413001,0.0295615586139529,0.0132732379485312,0.0206285999678612,0.0274763873645918,0.0145216539963621,0.00860916454509698,0.0276424707463909,0.00465212770076376,0.0194068057459425,0.018200500495732,0.0142974355480685,0.0199335781696875
"171","FT878",34.44,46.02,0.0669976602036043,0.0197972890434257,0.0164385338803599,0.0218608573177364,0.0186412636418974,0.0285599264218406,0.0380667206895151,0.020386910582736,0.018949753549444,0.0234852273461218,0.0390859147630631,0.0198140747501819,0.0244353913395846,0.0487978638699076,0.0297466787386176,0.0255201785394102,0.035347281285642,0.0477878022564517,0.0139916963450563,0.0253166769925718,0.0184901938357008
"172","FT875",38.08,67.44,0.0679984093563874,0.00957870394737332,0.00446433359906142,0.0062938084190051,0.0068281426655822,0.00444541957810042,0.0107251251329573,0.00667333046634496,0.012330955692751,0.00866553244457093,0.004698883784209,0.00749217591068041,0.0038008974854356,0.0116531987178341,0.0107165304726216,0.00683126954375125,0.00553090741868203,0.0113177221771379,0.00745701055128987,0.0097264565246946,0.00779247816842045
"173","FT885",38.62,68.61,0.0679984093563874,0.00957870394737332,0.00446433359906142,0.0062938084190051,0.0068281426655822,0.00444541957810042,0.0107251251329573,0.00667333046634496,0.012330955692751,0.00866553244457093,0.004698883784209,0.00749217591068041,0.0038008974854356,0.0116531987178341,0.0107165304726216,0.00683126954375125,0.00553090741868203,0.0113177221771379,0.00745701055128987,0.0097264565246946,0.00779247816842045
"174","HOR4720",56.65,23.71,0.0472649313234391,0.00417681286256788,0.00743245730435279,0.0117916223323839,0.00971010415195895,0.00543230120322938,0.00760156859822041,0.010426927024404,0.00655221630478544,0.00902624325581972,0.00794521487374626,0.00807258048685914,0.00643057049556424,0.00676154529974721,0.0139376448654365,0.00619121301732659,0.00543995124241044,0.00655669303354871,0.00919396701267531,0.0101273643564419,0.00908603998399981
"175","FT871",40.07,67.69,0.0700230292068406,0.0108330617679577,0.0105427047687312,0.00621171344799476,0.00632734856713798,0.00794039890958359,0.0123762130631689,0.00801912971775438,0.0104574439071177,0.0157513922181753,0.00558949679072518,0.00646024810932351,0.00454256796019769,0.00955573449251657,0.00577918610731315,0.00971454291045972,0.0066727165191751,0.00922706218421635,0.00894599780979213,0.007843234282757,0.00864679622636275
"176","FT754",36.95,40,0.0728566215253823,0.0109864025056943,0.00936852223490287,0.0161879943301571,0.0173131742037707,0.0226381919556079,0.040168357987665,0.0140232580589195,0.0214187598503716,0.0231962565492636,0.040081351770709,0.0190951785095669,0.0225329294029909,0.0194161092887501,0.00777507489818472,0.0295519474966193,0.00856138417428908,0.0115693004093167,0.00844124045548581,0.0164969934803177,0.0212775201527686
"177","HOR10627",34.83,42,0.0726268427956782,0.0163962294781867,0.0167957012795843,0.0198006158635973,0.014513213019573,0.0280191306417882,0.052538968488928,0.0423007662444309,0.0154384893258077,0.0202965314041066,0.0411253974674654,0.0192791582233368,0.0234038401406493,0.0442988037321369,0.0108974965723002,0.0250621147507537,0.0518506911198596,0.0142457611508682,0.0100114036149256,0.0189572285814817,0.0237271156114554
"178","FT741",37.68,41.45,0.071121399787629,0.0104869928441623,0.00505737926417516,0.0125760989661897,0.0235227349546274,0.01509407021926,0.0166975021511971,0.0331826729700711,0.0200725108271719,0.0161127765434471,0.0192049360212404,0.0132194124643437,0.0144510336607218,0.0212208636318033,0.0119404243577422,0.0254105348655978,0.03098012701216,0.01258186505639,0.00836604321074958,0.0158335055202715,0.0132305799297311
"179","FT671",33.83,35.92,0.0365323749319684,0.0109556343743342,0.0138447298319449,0.00973434784281118,0.00589546536932914,0.0171252797155093,0.00841206189604979,0.013176837341368,0.015453975482773,0.0162678432748156,0.0127745340566283,0.0173249454304433,0.0134990733486361,0.0241208318684271,0.0129521447828263,0.0201687904413693,0.0158971372110738,0.00653172245672352,0.0204619101934012,0.0142892612723527,0.0254975651639004
"180","FT734",37.41,38.78,0.0728566215253823,0.0109864025056943,0.00936852223490287,0.0161879943301571,0.0173131742037707,0.0226381919556079,0.040168357987665,0.0140232580589195,0.0214187598503716,0.0231962565492636,0.040081351770709,0.0190951785095669,0.0225329294029909,0.0194161092887501,0.00777507489818472,0.0295519474966193,0.00856138417428908,0.0115693004093167,0.00844124045548581,0.0164969934803177,0.0212775201527686
"181","FT746",36.98,36.73,0.0679229207663122,0.0111632348283692,0.0143785749750222,0.0169227413411289,0.0188310018003257,0.0216478174678646,0.0229970745453974,0.0111144126720945,0.0250877849413001,0.0295615586139529,0.0132732379485312,0.0206285999678612,0.0274763873645918,0.0145216539963621,0.00860916454509698,0.0276424707463909,0.00465212770076376,0.0194068057459425,0.018200500495732,0.0142974355480685,0.0199335781696875
"182","FT747",36.87,36.95,0.0679229207663122,0.0111632348283692,0.0143785749750222,0.0169227413411289,0.0188310018003257,0.0216478174678646,0.0229970745453974,0.0111144126720945,0.0250877849413001,0.0295615586139529,0.0132732379485312,0.0206285999678612,0.0274763873645918,0.0145216539963621,0.00860916454509698,0.0276424707463909,0.00465212770076376,0.0194068057459425,0.018200500495732,0.0142974355480685,0.0199335781696875
"183","FT248",31.68,48.58,0.0657804505048374,0.0464271208299909,0.033490634279109,0.0484877642546086,0.0370815658625373,0.0412849110134379,0.0578929476840667,0.0252041786489886,0.0385538282089564,0.0328566230162212,0.0310606892947823,0.0309424225982754,0.0408551181861339,0.0377434401695203,0.0502447422265955,0.0383902024332839,0.0434789296001405,0.0309296160652644,0.0333189842236672,0.0542165314112017,0.0356210671332307
"184","FT389",30.97,101.15,0.0586697751460212,0.0109794135438395,0.00509327091311435,0.00662151830845966,0.0055317369510869,0.0105278340549167,0.0106039167276391,0.00414724492473615,0.00612677605752712,0.00652163189758855,0.0100254488686903,0.00654742442704026,0.0061355908165703,0.00761821248486648,0.00361175814944252,0.00880974012894614,0.00632236563440485,0.00724292660592207,0.0069095578539356,0.0154551310732589,0.0067397767847926
"185","FT222",32.97,35.42,0.0365323749319684,0.0109556343743342,0.0138447298319449,0.00973434784281118,0.00589546536932914,0.0171252797155093,0.00841206189604979,0.013176837341368,0.015453975482773,0.0162678432748156,0.0127745340566283,0.0173249454304433,0.0134990733486361,0.0241208318684271,0.0129521447828263,0.0201687904413693,0.0158971372110738,0.00653172245672352,0.0204619101934012,0.0142892612723527,0.0254975651639004
"186","HOR2351",34.77,113.65,0.0375019487912883,0.00230479962827804,0.00590018579132165,0.00946947040673645,0.00422107051555191,0.00272303816976741,0.00218332248371941,0.00573235858976714,0.00490445550367866,0.00296027779619174,0.004466357964499,0.00614395305533739,0.00433182788533202,0.00221070937114312,0.00252153700504248,0.00947046398838163,0.00638125771041534,0.00192071588849368,0.00327250497888967,0.0043164966472447,0.00460587130394747
"187","SBCC002",42.85,-2.67,0.0209977903024312,0.00387172792846686,0.0175928756618159,0.011711686181442,0.0159200306201305,0.016139846840987,0.0108244153186508,0.0149432496710619,0.0164233345137582,0.0210181861487683,0.0185930687040574,0.00751364005938555,0.0165216354183129,0.0108119257477039,0.0102647994092978,0.0146949412342294,0.00902132641210594,0.00701981011558747,0.0135879653047364,0.0143639228901921,0.026175542985684
"188","SBCC144",28.8,-17.81,0.0263914704346299,0.00402576399237793,0.0028356412973061,0.00219930791053809,0.00210434563607957,0.00307778727743184,0.00241073995044621,0.00195592089994376,0.00252634333040354,0.00220865969524093,0.00266351887867759,0.00201326401154468,0.0022134821375066,0.00220448623180358,0.00353514614262237,0.00312886922003314,0.00252490747292958,0.00266133665868786,0.00328403328702564,0.00266020635601029,0.00245745968398178
"189","HOR154",31.42,73.08,0.0154628056611492,0.0113050874771915,0.0127366029229875,0.0121568078339227,0.00676772929352201,0.0196198955763932,0.00422671936611935,0.0142226228440869,0.00217200511853604,0.0037194175094995,0.0035132857963386,0.0044882092344307,0.00565478121252192,0.00607980656289565,0.00443741479405716,0.00488822732743578,0.00547251549198823,0.00585901473003909,0.00726021661956553,0.00815140991069783,0.00396186027581577
"190","BCC169",25.67,57.25,0.0317673408321937,0.0153568737476931,0.0251202285505438,0.0115876416533269,0.0186783801845397,0.0393370289545588,0.0580977945648182,0.0136898073419597,0.0133806297376119,0.0149478774429075,0.0145244673823328,0.0387245734631451,0.034352649321874,0.0185669335326461,0.0169229565246178,0.0424977878361411,0.0666741405878014,0.0644596852835429,0.0168359860036594,0.016436956454483,0.0137318247342847
"191","HOR11317",31.72,35.19,0.0467269856640722,0.00465570208210757,0.0139283286614457,0.00397268738197608,0.00779976174247197,0.00850842869834551,0.00327265730472725,0.0048651234651523,0.01179101493455,0.00988642387162402,0.0075765218620438,0.00418924405367099,0.0103539626347684,0.00773410653161866,0.00248864317911918,0.00813053941603279,0.00800902034269331,0.00432976314504818,0.00962281250366213,0.00254240119240703,0.006281468672077
"192","SBCC158",41.98,1.52,0.0198538058885708,0.0187054445083104,0.0137266345297252,0.00728861312527788,0.00340930302991005,0.0163080469822414,0.00829230258528102,0.00774873096810026,0.00307935804195761,0.00494997074227655,0.0158710009483871,0.00346862652522018,0.0159140129762336,0.00631680740683203,0.013384457769929,0.0121606383864964,0.013202088679868,0.00554465581292592,0.0159033334479918,0.00659440705760242,0.00655369107029096
"193","SBCC095",40.98,-6.85,0.0387748775844402,0.00508997776203225,0.0169510171109327,0.0068257676811932,0.0165730194810261,0.0072594323907764,0.00533447362122877,0.00549184102690567,0.00735042245076947,0.00438395637919372,0.0224620412485915,0.00487941661207669,0.0068692820457511,0.00633513128765764,0.010522877637105,0.0205342933766735,0.00326747169778609,0.0112403910908665,0.00666988925336443,0.00349296297653884,0.0208250806265169
"194","SBCC147",43.07,-4.77,0.0387261620295341,0.00443730083232232,0.0163875817150598,0.00730493431276798,0.0150683016079456,0.00985936714692449,0.0252551002952347,0.0131840598114846,0.00811206477636765,0.00953530172200095,0.0236224165412663,0.00864563044784817,0.00555678655558123,0.00975515058534153,0.00964590928612084,0.00565709272432555,0.00483569398481854,0.00776444451987524,0.00796652701818535,0.00890944729330297,0.0171168404044696
"195","BCC54",30.82,32.52,0.0361801756767728,0.00531252984942127,0.007944608395722,0.0021735094517628,0.00540421829600455,0.00298111795897264,0.00422004898499885,0.00380508485399592,0.00732905037997072,0.00815527243526481,0.00431765745565466,0.00329225421221387,0.00308404919969818,0.00364967568647748,0.00410295124803863,0.00567332903984242,0.00475551766154881,0.00301334315832969,0.00440450583835538,0.00223779461576609,0.003362285077627
"196","HOR2458",29.65,91.1,0.0515937981502541,0.0124289538780849,0.0165067165992602,0.0151706378446076,0.0121722479568327,0.0158340106928944,0.0141857159660786,0.0346089938319024,0.021836635033677,0.0142667300990326,0.0110948409924619,0.0166932894429983,0.0150747847574317,0.0164248503202995,0.024083541349817,0.0152107084773039,0.0111925379647347,0.0109713705629003,0.0172744696411643,0.0117337452265835,0.0136057579254261
"197","SBCC003",40.63,-3.15,0.0263779429731792,0.00749510237787952,0.010504186760894,0.0107117685134171,0.00818866513976718,0.0123326236611427,0.0205837305357515,0.00672917495695871,0.0123292858886693,0.0169580244553755,0.00967259946169712,0.0114949523408745,0.0125156815829192,0.0102669684310085,0.0100533437744011,0.0115051493489362,0.00957371409585167,0.0312442794673942,0.030584541155893,0.0109168027681194,0.033903105850451
"198","BCC108",34.33,35.73,0.0313459888009805,0.00803762895133046,0.00565402241272475,0.013667663567496,0.0130875841113503,0.0203126751825437,0.0164720693491131,0.00991488370293155,0.00442558607013711,0.0105035986200527,0.0100386637124518,0.0129935837031353,0.0114625642767952,0.0173781088076711,0.00914580153230437,0.0126914858854655,0.0113532629211232,0.0154194915856242,0.0186982472449092,0.00541781392549959,0.00613754743730759
"199","SBCC014",37.53,-5.07,0.0198639358335059,0.0250397873436152,0.0188457724376601,0.0208569173110041,0.0293038855905062,0.0122634760643665,0.01625914489047,0.0220156795028731,0.0168192373249298,0.0189654735690137,0.033078085778067,0.0179501410537144,0.0297343842580224,0.0100061351829073,0.0146513285821561,0.0268230843011945,0.0154790350518047,0.0124524109869228,0.00892268588991011,0.0121496568409114,0.0208613588280653
"200","HOR758",42,21.45,0.0519584957793827,0.0146583684553349,0.00569568827604962,0.00771085331114603,0.00541362201326268,0.00462848188976763,0.00464605022157691,0.00441763376241553,0.00487675639458109,0.00497321708865602,0.022624196041642,0.00701274406929293,0.00655709405312748,0.00794475356205274,0.0093799855304545,0.0159518718248966,0.0212154845328,0.0062109080669476,0.0111524615429447,0.0105958415668359,0.00439202638685762
"201","FT525",37.03,37.99,0.0679229207663122,0.0111632348283692,0.0143785749750222,0.0169227413411289,0.0188310018003257,0.0216478174678646,0.0229970745453974,0.0111144126720945,0.0250877849413001,0.0295615586139529,0.0132732379485312,0.0206285999678612,0.0274763873645918,0.0145216539963621,0.00860916454509698,0.0276424707463909,0.00465212770076376,0.0194068057459425,0.018200500495732,0.0142974355480685,0.0199335781696875
"202","HOR2465",29.65,91.1,0.0515937981502541,0.0124289538780849,0.0165067165992602,0.0151706378446076,0.0121722479568327,0.0158340106928944,0.0141857159660786,0.0346089938319024,0.021836635033677,0.0142667300990326,0.0110948409924619,0.0166932894429983,0.0150747847574317,0.0164248503202995,0.024083541349817,0.0152107084773039,0.0111925379647347,0.0109713705629003,0.0172744696411643,0.0117337452265835,0.0136057579254261
"203","HOR2462",29.43,94.45,0.0509502533545967,0.01624564238674,0.0144071370668478,0.0144985859424778,0.0299502060751409,0.014365989574423,0.0144905206227747,0.0144384766533874,0.0142545991825104,0.0147718920105104,0.0145355353601152,0.0145637668127792,0.0292902395983721,0.0143801895437626,0.0262910094401746,0.0143070523127926,0.0145401340819051,0.0143121020784497,0.0150161074666747,0.0260160085864454,0.0303925830314093
"204","FT262",36.78,37.28,0.0679229207663122,0.0111632348283692,0.0143785749750222,0.0169227413411289,0.0188310018003257,0.0216478174678646,0.0229970745453974,0.0111144126720945,0.0250877849413001,0.0295615586139529,0.0132732379485312,0.0206285999678612,0.0274763873645918,0.0145216539963621,0.00860916454509698,0.0276424707463909,0.00465212770076376,0.0194068057459425,0.018200500495732,0.0142974355480685,0.0199335781696875
"205","FT279",35.75,69,0.0629633887600027,0.00691615981682945,0.00725668420172647,0.0051597355946006,0.0148789367903898,0.0150142815433721,0.00668956519324289,0.00636049240682205,0.0121843934475559,0.0102482612639757,0.00600558329246397,0.00462062604075316,0.00602825028371305,0.00772272233621401,0.0052218857500656,0.00540365350146168,0.00501667792016971,0.00753361771822576,0.00527359666269711,0.00883288958281674,0.0145510869602481
"206","FT333",35.98,59.48,0.0746286111881478,0.0254815115059826,0.00848558237681946,0.0181231780296229,0.014206736409801,0.0132747094245197,0.0177389255218315,0.00915665767799354,0.0108137442593325,0.017126730859776,0.00718951432775982,0.00777662545711619,0.0164660354516383,0.0277957243997627,0.0128527771848728,0.00593539941390027,0.0117386945969125,0.00804885377533661,0.0105144698771932,0.0092722270680701,0.00591662307124182
"207","FT873",38.31,66.63,0.0679984093563874,0.00957870394737332,0.00446433359906142,0.0062938084190051,0.0068281426655822,0.00444541957810042,0.0107251251329573,0.00667333046634496,0.012330955692751,0.00866553244457093,0.004698883784209,0.00749217591068041,0.0038008974854356,0.0116531987178341,0.0107165304726216,0.00683126954375125,0.00553090741868203,0.0113177221771379,0.00745701055128987,0.0097264565246946,0.00779247816842045
"208","FT670",36.99,36.93,0.0679229207663122,0.0111632348283692,0.0143785749750222,0.0169227413411289,0.0188310018003257,0.0216478174678646,0.0229970745453974,0.0111144126720945,0.0250877849413001,0.0295615586139529,0.0132732379485312,0.0206285999678612,0.0274763873645918,0.0145216539963621,0.00860916454509698,0.0276424707463909,0.00465212770076376,0.0194068057459425,0.018200500495732,0.0142974355480685,0.0199335781696875
"209","FT643",31.67,35.44,0.0467269856640722,0.00465570208210757,0.0139283286614457,0.00397268738197608,0.00779976174247197,0.00850842869834551,0.00327265730472725,0.0048651234651523,0.01179101493455,0.00988642387162402,0.0075765218620438,0.00418924405367099,0.0103539626347684,0.00773410653161866,0.00248864317911918,0.00813053941603279,0.00800902034269331,0.00432976314504818,0.00962281250366213,0.00254240119240703,0.006281468672077
"210","FT886",38.34,69.24,0.0552198216013258,0.00458346483592486,0.00356568378165969,0.00460918955169772,0.00286476751172973,0.00269180399162886,0.00675121389496412,0.00618992167083162,0.00556443038582977,0.00494714207013944,0.00425857249103124,0.00315708139578725,0.0048571730536213,0.00426088020258019,0.00526153006906099,0.00174057240004965,0.004282141960381,0.00849091281937973,0.00559452520439759,0.00207190520257578,0.0045862110478474
"211","FT380",31.35,27.23,0.0321455936937024,0.00552120917597176,0.00509076869337696,0.00437436758120173,0.00406450565412931,0.00541021563025416,0.00300651450737599,0.00340716333289896,0.00355255286037405,0.00772866806472162,0.00370985962861569,0.0250991578054195,0.0143500775288101,0.0118886019055553,0.00138702115562233,0.00693025858103908,0.00244289120658806,0.00427152557555174,0.00549118472813487,0.00518379066624526,0.00303126087623835
"212","FT616",32.19,48.26,0.0657804505048374,0.0464271208299909,0.033490634279109,0.0484877642546086,0.0370815658625373,0.0412849110134379,0.0578929476840667,0.0252041786489886,0.0385538282089564,0.0328566230162212,0.0310606892947823,0.0309424225982754,0.0408551181861339,0.0377434401695203,0.0502447422265955,0.0383902024332839,0.0434789296001405,0.0309296160652644,0.0333189842236672,0.0542165314112017,0.0356210671332307
"213","FT390",29.65,91.1,0.0515937981502541,0.0124289538780849,0.0165067165992602,0.0151706378446076,0.0121722479568327,0.0158340106928944,0.0141857159660786,0.0346089938319024,0.021836635033677,0.0142667300990326,0.0110948409924619,0.0166932894429983,0.0150747847574317,0.0164248503202995,0.024083541349817,0.0152107084773039,0.0111925379647347,0.0109713705629003,0.0172744696411643,0.0117337452265835,0.0136057579254261
"214","FT388",29.65,91.1,0.0515937981502541,0.0124289538780849,0.0165067165992602,0.0151706378446076,0.0121722479568327,0.0158340106928944,0.0141857159660786,0.0346089938319024,0.021836635033677,0.0142667300990326,0.0110948409924619,0.0166932894429983,0.0150747847574317,0.0164248503202995,0.024083541349817,0.0152107084773039,0.0111925379647347,0.0109713705629003,0.0172744696411643,0.0117337452265835,0.0136057579254261
"215","BCC185",24.63,46.72,0.0432966093926994,0.0479979929021668,0.0465389990154133,0.0503702461170344,0.0515280070508276,0.0574292053907757,0.0434681849153996,0.0488497718860059,0.051217993662784,0.059477253508442,0.0443630417197702,0.0585957445181452,0.0327549363069536,0.0314635575807443,0.0437319393015739,0.0561622064014991,0.0606068462238778,0.0222384029302464,0.0283959615592059,0.0238665049644816,0.0217437928299474
