"","Accession","Latitude","Longitude","offset_6","offset_7","offset_8","offset_9","offset_10","offset_11","offset_12","offset_13","offset_14","offset_15","offset_16","offset_17","offset_18","offset_19","offset_20","offset_21"
"1","FT218",31.77,35.11,0.0415249860040425,0.0403868361606833,0.0395037785036205,0.0308104239240404,0.0258610613062993,0.0200760380702151,0.0162392816041571,0.0114789310266648,0.00952016317787444,0.0114209322593938,0.0101759441694611,0.00686989389271744,0.0043069700206044,0.00644850113146772,0.00375674794418494,0.00734397719395041
"2","FT462",37.78,39.78,0.0556747093460866,0.053178874534584,0.0548051798007379,0.0429014310499692,0.0387794731552112,0.0253790794340974,0.0314262779629322,0.0403748745968917,0.0177288530831641,0.03795086141655,0.0143857397666331,0.0275040650126133,0.00965273863347757,0.00719004865566533,0.00833302700503975,0.00777884210263897
"3","FT473",37.66,37.79,0.0511884892590748,0.0479262143873521,0.0465585118369493,0.0397984226195489,0.0363773285672269,0.0247575977182891,0.0178832972298581,0.0365715273953394,0.0166856775187391,0.0271591561881441,0.017902406369622,0.0104573996355877,0.0122490351222801,0.0145889391178914,0.00656171724726522,0.00827754676804201
"4","FT730",37.33,37.27,0.0511884892590748,0.0479262143873521,0.0465585118369493,0.0397984226195489,0.0363773285672269,0.0247575977182891,0.0178832972298581,0.0365715273953394,0.0166856775187391,0.0271591561881441,0.017902406369622,0.0104573996355877,0.0122490351222801,0.0145889391178914,0.00656171724726522,0.00827754676804201
"5","HOR4724",40.18,44.52,0.0429346502447332,0.0458415904180804,0.0404439379831187,0.0333922265535425,0.0269801177468803,0.0195978253602927,0.0153357532698001,0.0132209584617244,0.0125852977541573,0.00680968404951843,0.00792864581243678,0.00698062951629979,0.00957868848266048,0.00709747271514864,0.00393239887141065,0.00827422546324204
"6","HOR3950",47.01,13.17,0.0373183034243729,0.0306023626381742,0.0302764204466247,0.0266979038440421,0.0260985844012794,0.0159933540301177,0.0149385777054452,0.0110886213691713,0.00714608752059722,0.0142405510456667,0.0164661585016172,0.00767144072572094,0.0139797315216735,0.0149681608287159,0.00739558729023606,0.0086941753800007
"7","HOR1707",35.91,71.52,0.0409530889348602,0.0436236690936427,0.0450838816756818,0.0378940446632722,0.0326107391319722,0.0204349075631315,0.0170636640361851,0.0116931234255496,0.013963872849065,0.00902614957278885,0.00736474998245725,0.00840015049364844,0.0104449901495972,0.0111218511668395,0.0104472817075854,0.00892982727361603
"8","HOR8658",31.19,29.9,0.0385729294666494,0.0421527880001621,0.0338918477129752,0.0279111972861582,0.0261020657343627,0.022409583725333,0.0204193953803043,0.0182482956082609,0.012115206347626,0.0118949716994001,0.00818088759945659,0.00620461267569226,0.00625434779246523,0.00615421521640724,0.00521244632843128,0.0065290976997598
"9","HOR9919",45.43,6.31,0.025188802853942,0.0235566143383426,0.0240446397883832,0.0217416103395506,0.0162242203735473,0.0160805187311526,0.0137360332808005,0.0203203592737003,0.0216015068827137,0.0127573534610894,0.0132275968095206,0.00882988777430349,0.019519573127878,0.0144613688183746,0.010733107748529,0.013871472989012
"10","HOR354",47.98,9.12,0.0366386387903986,0.0303636008896747,0.0298429336548944,0.0250023991467545,0.0253800620275551,0.0234550983014361,0.0149124708441615,0.00921474761714866,0.00614287324576523,0.0118449186707747,0.0113132054653821,0.00773135333237631,0.0118222255021486,0.0114858092061706,0.00860413631042523,0.00845899547485695
"11","HOR10610",36.44,43.26,0.0561865218121394,0.0555604061145973,0.0512008605170851,0.0480777121702239,0.0469259442309069,0.0305197808893712,0.0226927746868821,0.0300829827414195,0.0301232397717567,0.0211157637093537,0.0129688975835043,0.0274608153936425,0.0194647463118073,0.0107131155411008,0.00991975001986448,0.019484733749746
"12","HOR9607",42.3,43.35,0.0397780061569969,0.0337891815851919,0.0293471252642642,0.0248947010794575,0.0176681578819895,0.0173711660150188,0.0174385047890044,0.0253911050988096,0.0159337279957996,0.0163945775951593,0.00769707980396451,0.0188316933593192,0.00955256120703704,0.0156153098080915,0.00633784340061656,0.0173872042232322
"13","HOR10761",5.63,38.23,0.021014297767288,0.0232192972212269,0.0321633774249078,0.0195155484578258,0.0204209597733577,0.0220889397895261,0.0239276586133169,0.0231685506923901,0.0215181670183319,0.0194237315767425,0.0353700322362731,0.0218234413442025,0.0101998439846867,0.0080180420713869,0.019289640183387,0.0151270775386503
"14","HOR937",39.07,21.82,0.0295059124353769,0.0283196052696456,0.0251167759534932,0.0237883198387413,0.0182708907719874,0.0186743772043404,0.0234219012004753,0.0340010830300447,0.0425484173780243,0.048284927102675,0.0105984492766989,0.00620425054219938,0.0100953828169052,0.00712468550926974,0.0195533834993192,0.0184797629670596
"15","HOR2785",35.6,51.87,0.0493193039380484,0.0504771011835765,0.0464488425815701,0.039001297133446,0.0328768399399832,0.0278124018120982,0.0193593442769407,0.00989101479779866,0.0277964469228352,0.00662752498304918,0.00998321917478109,0.0200334669533663,0.00998468461022877,0.00823925670759831,0.00688184650763091,0.0118315760416234
"16","HOR2792",30.52,50.85,0.0478888574098997,0.0446248668037639,0.0409113270889342,0.0361577647842251,0.0326626413925801,0.0289362727021194,0.0219495787807961,0.0264506320616943,0.0508217923606381,0.0225681983763354,0.0230692649467308,0.0313298595531381,0.021094575751035,0.0189939212468739,0.0203627465093055,0.036293084873663
"17","HOR2808",33.57,50.85,0.0530125091613732,0.0543496897024007,0.0501598385396917,0.0419782233667641,0.0388236790955458,0.0337020783736329,0.0265710270881329,0.0299282042111944,0.0421907369349616,0.0340571029644373,0.023305399639425,0.0242447963604276,0.010680414312979,0.00789313505124974,0.00887908959452867,0.00643850285148508
"18","HOR2867",37.63,58.98,0.05168069634596,0.0517067959556977,0.048287369141356,0.0443258225611167,0.0335412662235821,0.0269190999456358,0.020400873164205,0.0114116635621561,0.0262277972823847,0.00503619735285888,0.0244062230753781,0.00772675102331592,0.00895980183264509,0.00481517033381814,0.00389066273026213,0.00447041737045677
"19","HOR9827",32.77,13.98,0.0336853366957796,0.0431283849116189,0.037733924309103,0.0340702319906291,0.0277084420549795,0.0276554310043951,0.0246657830795349,0.0190243144278843,0.00789103634793602,0.0377076584198041,0.0196156872535283,0.008077182878499,0.00868807169623183,0.0209631082862,0.00802076540131786,0.00707458861623518
"20","HOR8455",30.5,47.82,0.0565851193969331,0.0512970149556948,0.0556384416703814,0.0459342745740769,0.0467760072676817,0.0377194587056466,0.038565209053732,0.0535353756972061,0.0280301036119983,0.0377900463586064,0.0592709790438326,0.0293363750468338,0.0275358247895916,0.0354990085942711,0.0427642710665318,0.0474221253523289
"21","HOR10609",36.17,43.26,0.0561865218121394,0.0555604061145973,0.0512008605170851,0.0480777121702239,0.0469259442309069,0.0305197808893712,0.0226927746868821,0.0300829827414195,0.0301232397717567,0.0211157637093537,0.0129688975835043,0.0274608153936425,0.0194647463118073,0.0107131155411008,0.00991975001986448,0.019484733749746
"22","HOR10782",41.9,13.88,0.0307989092602369,0.0243261861414053,0.0319234522955745,0.028500515993165,0.0284202226825192,0.0360978457412011,0.0233796980621648,0.0283972432294626,0.0214594020549866,0.0168670100880405,0.0107765668953698,0.0195688674807107,0.01777724248508,0.0189294686650945,0.023139033654288,0.0329224478120175
"23","HOR1758",35,71.15,0.0437933817175375,0.0459974820285,0.0411889361075946,0.0377811148482785,0.0263036415782964,0.0179423777745451,0.0137051886243829,0.0100822532333586,0.00875893838234611,0.0100766781717277,0.00751392769327784,0.00937524149415734,0.00665974893820225,0.00438739265590437,0.00497112997263275,0.00666758339239123
"24","HOR4150",36.7,3.22,0.0374681803114089,0.0372827031280988,0.036956599153644,0.0362337105527623,0.0253675119251235,0.0191617927035585,0.0231646210048508,0.0134674872331756,0.0137700713835061,0.035806231865545,0.0107637448717565,0.0145600749879187,0.0217258099136853,0.0281765671182522,0.0109797497186576,0.0194951998516348
"25","HOR2854",38.65,46.78,0.0416826231118243,0.0452217848644852,0.034542578093716,0.0267205443837998,0.0230171432100594,0.0178467412755356,0.015902470932577,0.0142128099568636,0.016987196348051,0.0116740471599227,0.0172847890480109,0.0092756030898465,0.0121105271422382,0.00595900258587282,0.0162982929045698,0.0110298553771884
"26","HOR752",39.07,21.82,0.0295059124353769,0.0283196052696456,0.0251167759534932,0.0237883198387413,0.0182708907719874,0.0186743772043404,0.0234219012004753,0.0340010830300447,0.0425484173780243,0.048284927102675,0.0105984492766989,0.00620425054219938,0.0100953828169052,0.00712468550926974,0.0195533834993192,0.0184797629670596
"27","HOR3959",47.27,12.64,0.0373183034243729,0.0306023626381742,0.0302764204466247,0.0266979038440421,0.0260985844012794,0.0159933540301177,0.0149385777054452,0.0110886213691713,0.00714608752059722,0.0142405510456667,0.0164661585016172,0.00767144072572094,0.0139797315216735,0.0149681608287159,0.00739558729023606,0.0086941753800007
"28","HOR756",40.79,20.19,0.0297057472146468,0.0286253551148929,0.0293829498682011,0.0281177887845404,0.0241307571654592,0.0254505493699654,0.0218173947264571,0.0274360757857037,0.0273276254322215,0.0221369538225985,0.0104153327987149,0.0133341865466697,0.0126356177550843,0.00979015068392959,0.00959039974699358,0.0109589382178023
"29","HOR10280",26.8,13.53,0.0500414340213122,0.0492127707279348,0.0476086069072058,0.049913694240332,0.0467919108803979,0.0336878471824419,0.0178420413411511,0.00665565753416527,0.00903026229934567,0.0253488927054801,0.0389510909571958,0.0242684758678643,0.0436935989127167,0.00447629787678039,0.00352626968566902,0.00627003429412138
"30","HOR10410",52.41,21.33,0.0360986278820968,0.0400991969850223,0.0332532478274541,0.0253855624660056,0.0244037539886365,0.0207714463268616,0.0150531666730035,0.012708754787007,0.0159045240612436,0.0135581720878685,0.00639331860778567,0.00979695216913435,0.0139377102167286,0.013687907424837,0.00767041645136049,0.0173137896425911
"31","HOR9453",46.78,23.6,0.0372915167980044,0.0310277639519956,0.0292136424471959,0.0252956802086236,0.024991680196373,0.0124472125796441,0.0199105914455421,0.0138655579742233,0.0102866101568264,0.0135597523548518,0.0120604713186482,0.0115670247826669,0.0161882593296831,0.0067827987820601,0.0126335989322153,0.0106079836847109
"32","HOR8635",48.53,22.14,0.0361374050494879,0.0302990141611219,0.0292236898261901,0.0249891598109991,0.0246536785317783,0.0106499103213143,0.0191150748253986,0.0143242376590167,0.00985187970662478,0.00793943456865714,0.00453253039039663,0.00687334108171317,0.0149210679234899,0.00980504237665477,0.0074042886039678,0.0164362464664311
"33","HOR4469",32.69,36.03,0.0432957199917976,0.043234316122175,0.0354425779587309,0.0315494607857969,0.023739668025633,0.0242412719613892,0.0211286759163156,0.018082418926467,0.0143252576172655,0.0186375910301015,0.0178662646453716,0.0101896887242985,0.0112445533292807,0.012477237959651,0.015553769146512,0.013273028691403
"34","HOR902",41.29,36.33,0.0402207857289965,0.0370656039157924,0.0322229607986147,0.0267051716013923,0.0245543559814863,0.0169999279249135,0.0126255609416425,0.0119415815283652,0.0058122687732141,0.00564251379102427,0.00780643284774637,0.0108915883926407,0.00886115980586386,0.00521034577235842,0.00586280698575756,0.0106352926849739
"35","HOR7969",38,37,0.0454427992907389,0.0417217129669559,0.0383758339873798,0.0313113628394975,0.0315592170222511,0.0217665177166215,0.0146572815514141,0.0207172439459015,0.0115104417073752,0.00874794257299765,0.00947915697222635,0.0158567568879286,0.00777376486357738,0.00470432864139003,0.00447557026841423,0.0102941799330226
"36","HOR203",50.1,36.49,0.0357509072633355,0.0394085791701417,0.0328313912049066,0.0308775512792691,0.0264840490759176,0.0219464986589242,0.0165072358563026,0.0189840494230455,0.0123781640538127,0.0116369354103796,0.00999689289857787,0.0116319671483485,0.0145677698900579,0.0105138182079788,0.0079718918501123,0.0114731903050018
"37","HOR383",43.85,25.96,0.0336270653024191,0.0344316045637843,0.0315582325846194,0.0265135956227537,0.0247996107505079,0.0184016682873366,0.0190504194176343,0.0110671189766659,0.0185120659585438,0.0131780428552058,0.010521208255037,0.0117136826943125,0.00885546874632809,0.0170138761301232,0.0135866612100145,0.00913760793652509
"38","HOR396",42.31,27.77,0.0295045733952737,0.0298667096349249,0.0300660653900343,0.0255088897051839,0.0245289959207947,0.0198162368912902,0.0178943712750503,0.0192357885366434,0.0252269680789617,0.0355618838579436,0.00582518633474137,0.010148419302592,0.0071740714633626,0.0235997846620187,0.00531643106460643,0.00800854010918063
"39","HOR7380",49.52,18.83,0.035854227832112,0.0268247855760549,0.0275675771529517,0.0241025023975023,0.02277057229737,0.0156283581121677,0.016657474540525,0.0162704834187509,0.0245748149730577,0.0193244289874264,0.00536092646653955,0.0077949004774403,0.0157607397331348,0.0140070316346687,0.00772752440824299,0.0155725292560182
"40","HOR10350",8.15,36.47,0.0359042720620858,0.0404646066000985,0.0369308704072311,0.0356073496750889,0.028504751469063,0.0224194852521016,0.0180770752936138,0.0077479312496343,0.00689136768053302,0.00638761529338571,0.00656674879183086,0.00543651705930288,0.00502041292365113,0.00648971115379184,0.00278553492859251,0.00399227428182901
"41","HOR1133",46.22,2.21,0.0269356943205042,0.0252729552425081,0.0260940011946873,0.0244159053471197,0.0262622080042727,0.0193080791160427,0.0168852826871233,0.028337746613952,0.0130220735032545,0.0165024748626642,0.015046692189347,0.016709075683329,0.0163556785752057,0.0165453144323079,0.014946478888331,0.0123032286725807
"42","HOR10360",43.05,42.72,0.0397780061569969,0.0337891815851919,0.0293471252642642,0.0248947010794575,0.0176681578819895,0.0173711660150188,0.0174385047890044,0.0253911050988096,0.0159337279957996,0.0163945775951593,0.00769707980396451,0.0188316933593192,0.00955256120703704,0.0156153098080915,0.00633784340061656,0.0173872042232322
"43","HOR10705",42.18,44.73,0.0404541442214614,0.0350799043648705,0.0323860778327993,0.0256487790283767,0.0238082729265592,0.02371833491045,0.0237011583923259,0.0171023611882166,0.0174200378470867,0.0137736775191197,0.0241809454291177,0.0137851916227716,0.0194790835922773,0.0123694861509407,0.0150110113264636,0.0197414829462401
"44","HOR713",37.67,22.18,0.0322360290524212,0.021019147788434,0.0356366577701197,0.0357227518891387,0.0225805230859481,0.0311113786387584,0.0340654916141163,0.024426567364898,0.0255136752485925,0.0340205793841284,0.0115976755038069,0.00857585442711763,0.017606618204372,0.00955158964861392,0.0165482426914651,0.0164410864810496
"45","HOR9888",32.76,22.64,0.0244906580014592,0.0460308389795495,0.0341279469571564,0.0294130616060646,0.0282322499613546,0.0294607535469687,0.0237269789272742,0.0207510231051966,0.0187719044294309,0.0073667649697782,0.0249091641713773,0.00702694609367864,0.0100650208314837,0.0226374279633236,0.0108671155862242,0.00805235654388882
"46","HOR10103",25.92,13.92,0.0565109791756996,0.0552406102454795,0.0499592677481715,0.0418681887114174,0.0350696909759876,0.0316361249746998,0.015477018865455,0.0105067009213993,0.0130556938932482,0.0291948754378914,0.0406800954944375,0.00684211323273308,0.00751730761138847,0.00368390635699626,0.00371503990240194,0.0107279879792979
"47","HOR10130",30.13,9.5,0.0553674191504437,0.0551562597923684,0.0609392741848966,0.0541673839654596,0.0545634969245001,0.0362949388007824,0.0189057902940009,0.0163863694008423,0.0153863039214489,0.0133102755710874,0.00757402554165017,0.00482901573112439,0.0138897936724279,0.00731230190723412,0.0238464730340485,0.054721094403966
"48","HOR13416",31.05,-8.83,0.0359778695300493,0.0353448624547895,0.0367479730298306,0.0379094505721983,0.0313161533936463,0.0288614735521334,0.0242033008228994,0.0232799943571977,0.00748874845993408,0.00398358261211879,0.00579759029944077,0.00645770405556396,0.00504063014260819,0.00655163642264889,0.00661441927714296,0.0073869535041728
"49","FT037",31.4,34.47,0.0415249860040425,0.0403868361606833,0.0395037785036205,0.0308104239240404,0.0258610613062993,0.0200760380702151,0.0162392816041571,0.0114789310266648,0.00952016317787444,0.0114209322593938,0.0101759441694611,0.00686989389271744,0.0043069700206044,0.00644850113146772,0.00375674794418494,0.00734397719395041
"50","FT045",31.67,35.44,0.0415249860040425,0.0403868361606833,0.0395037785036205,0.0308104239240404,0.0258610613062993,0.0200760380702151,0.0162392816041571,0.0114789310266648,0.00952016317787444,0.0114209322593938,0.0101759441694611,0.00686989389271744,0.0043069700206044,0.00644850113146772,0.00375674794418494,0.00734397719395041
"51","FT067",31.54,34.89,0.0415249860040425,0.0403868361606833,0.0395037785036205,0.0308104239240404,0.0258610613062993,0.0200760380702151,0.0162392816041571,0.0114789310266648,0.00952016317787444,0.0114209322593938,0.0101759441694611,0.00686989389271744,0.0043069700206044,0.00644850113146772,0.00375674794418494,0.00734397719395041
"52","FT144",30.57,34.68,0.0415249860040425,0.0403868361606833,0.0395037785036205,0.0308104239240404,0.0258610613062993,0.0200760380702151,0.0162392816041571,0.0114789310266648,0.00952016317787444,0.0114209322593938,0.0101759441694611,0.00686989389271744,0.0043069700206044,0.00644850113146772,0.00375674794418494,0.00734397719395041
"53","FT147",30.85,34.74,0.0415249860040425,0.0403868361606833,0.0395037785036205,0.0308104239240404,0.0258610613062993,0.0200760380702151,0.0162392816041571,0.0114789310266648,0.00952016317787444,0.0114209322593938,0.0101759441694611,0.00686989389271744,0.0043069700206044,0.00644850113146772,0.00375674794418494,0.00734397719395041
"54","FT172",33.23,35.73,0.0432957199917976,0.043234316122175,0.0354425779587309,0.0315494607857969,0.023739668025633,0.0242412719613892,0.0211286759163156,0.018082418926467,0.0143252576172655,0.0186375910301015,0.0178662646453716,0.0101896887242985,0.0112445533292807,0.012477237959651,0.015553769146512,0.013273028691403
"55","FT175",33.25,35.65,0.0432957199917976,0.043234316122175,0.0354425779587309,0.0315494607857969,0.023739668025633,0.0242412719613892,0.0211286759163156,0.018082418926467,0.0143252576172655,0.0186375910301015,0.0178662646453716,0.0101896887242985,0.0112445533292807,0.012477237959651,0.015553769146512,0.013273028691403
"56","FT219",33.29,35.76,0.0432957199917976,0.043234316122175,0.0354425779587309,0.0315494607857969,0.023739668025633,0.0242412719613892,0.0211286759163156,0.018082418926467,0.0143252576172655,0.0186375910301015,0.0178662646453716,0.0101896887242985,0.0112445533292807,0.012477237959651,0.015553769146512,0.013273028691403
"57","FT229",36.4,44.15,0.0476849658060552,0.0501072086401916,0.0444929181592772,0.0370805361589346,0.0332620077550962,0.024596437276065,0.0176268144744527,0.0206550654405362,0.0190717745099694,0.00726665032016854,0.00555140557049583,0.0106256506368924,0.0072776934747646,0.00476469456206634,0.00536915268816788,0.0101729007840727
"58","FT232",36.42,41.65,0.0561865218121394,0.0555604061145973,0.0512008605170851,0.0480777121702239,0.0469259442309069,0.0305197808893712,0.0226927746868821,0.0300829827414195,0.0301232397717567,0.0211157637093537,0.0129688975835043,0.0274608153936425,0.0194647463118073,0.0107131155411008,0.00991975001986448,0.019484733749746
"59","FT252",37.25,44.48,0.0476849658060552,0.0501072086401916,0.0444929181592772,0.0370805361589346,0.0332620077550962,0.024596437276065,0.0176268144744527,0.0206550654405362,0.0190717745099694,0.00726665032016854,0.00555140557049583,0.0106256506368924,0.0072776934747646,0.00476469456206634,0.00536915268816788,0.0101729007840727
"60","FT268",35.17,38.88,0.0605293565444614,0.0591374478177668,0.0572389177410554,0.0509126360702163,0.0455742643396295,0.0338076951237563,0.0243096867643538,0.0322965547600394,0.0195855075112095,0.0265369134555648,0.0227529241833205,0.00803730389772507,0.00426227663977586,0.00747708470746816,0.00830439005123356,0.00613484153758018
"61","FT270",33.65,36.84,0.0537501354709112,0.0535177644274475,0.0497333418984827,0.0453853044113502,0.0406759166602253,0.0318036935254717,0.0232775246394611,0.0165348000188742,0.0126030914888632,0.00862894011000217,0.0136439388646278,0.0178510481924563,0.00711723234410909,0.0162300249596692,0.00785490470035539,0.00708225932554423
"62","FT272",32.22,36.05,0.0415249860040425,0.0403868361606833,0.0395037785036205,0.0308104239240404,0.0258610613062993,0.0200760380702151,0.0162392816041571,0.0114789310266648,0.00952016317787444,0.0114209322593938,0.0101759441694611,0.00686989389271744,0.0043069700206044,0.00644850113146772,0.00375674794418494,0.00734397719395041
"63","FT276",32.58,35.67,0.0432957199917976,0.043234316122175,0.0354425779587309,0.0315494607857969,0.023739668025633,0.0242412719613892,0.0211286759163156,0.018082418926467,0.0143252576172655,0.0186375910301015,0.0178662646453716,0.0101896887242985,0.0112445533292807,0.012477237959651,0.015553769146512,0.013273028691403
"64","FT286",30.07,50.83,0.0354451081475435,0.0378999078313547,0.0303816367599441,0.0248062179679994,0.0242658008005663,0.0406979848823592,0.0567004914587099,0.0688514976380925,0.0140660858778429,0.018180443569731,0.00931325519295188,0.0282434607063619,0.0734707393240037,0.0768137439170046,0.0151245781486409,0.0175203088446607
"65","FT332",33.82,48.18,0.0558026549774686,0.0528952472726282,0.0477209015056253,0.0413931253244464,0.044572238761099,0.0347670160667527,0.0396357158288837,0.0543069663110668,0.0707476264309109,0.0500642587905305,0.0224000655770742,0.0218769752764257,0.021825864467039,0.0289963487967021,0.0483039607590997,0.0277157589890534
"66","FT338",33,35.42,0.0432957199917976,0.043234316122175,0.0354425779587309,0.0315494607857969,0.023739668025633,0.0242412719613892,0.0211286759163156,0.018082418926467,0.0143252576172655,0.0186375910301015,0.0178662646453716,0.0101896887242985,0.0112445533292807,0.012477237959651,0.015553769146512,0.013273028691403
"67","FT340",31.5,34.7,0.0415249860040425,0.0403868361606833,0.0395037785036205,0.0308104239240404,0.0258610613062993,0.0200760380702151,0.0162392816041571,0.0114789310266648,0.00952016317787444,0.0114209322593938,0.0101759441694611,0.00686989389271744,0.0043069700206044,0.00644850113146772,0.00375674794418494,0.00734397719395041
"68","FT359",34.02,-6.83,0.0470262555522356,0.0479490843690946,0.0473020728667432,0.0428182004208819,0.0389786473007412,0.032164533314091,0.0267495917750563,0.0288366773106799,0.0192665224377523,0.0152205471971067,0.0174181201715919,0.0158198655999241,0.0161871207963422,0.0121109593161736,0.0121491789981092,0.00696524584879113
"69","FT361",36.4,28.17,0.0263705587158377,0.0301633694492266,0.0302177856234627,0.0194112334318696,0.0222267630289914,0.0234359994660164,0.0281249227030709,0.0247783059978413,0.0315451183178895,0.0206857407156814,0.00661913300746659,0.00886912743235413,0.0178098453544368,0.00606472756310158,0.011081935525918,0.0136840828562806
"70","FT363",34.98,34.02,0.0336418251559773,0.0327839683026741,0.0313296049023386,0.0235730563704457,0.0200784927829529,0.0223317236044278,0.0203115025659845,0.0127146781802644,0.0219151916465394,0.0149963291648054,0.00758508385211491,0.00914640145736726,0.0101012273789382,0.00902900426386425,0.0147995679842204,0.00803288779230093
"71","FT376",35.28,62.34,0.0548964564503931,0.0475342089121274,0.0449172322899136,0.0384603274228772,0.0314288888619442,0.0273338720318069,0.0220614242491022,0.0150191722429018,0.011438037899397,0.00684511494229895,0.0136178149561076,0.00952479869943482,0.00826226702065568,0.00437484088156107,0.00457436949041655,0.00600240272154712
"72","FT393",32.74,35.45,0.0432957199917976,0.043234316122175,0.0354425779587309,0.0315494607857969,0.023739668025633,0.0242412719613892,0.0211286759163156,0.018082418926467,0.0143252576172655,0.0186375910301015,0.0178662646453716,0.0101896887242985,0.0112445533292807,0.012477237959651,0.015553769146512,0.013273028691403
"73","FT469",37.55,39.7,0.0556747093460866,0.053178874534584,0.0548051798007379,0.0429014310499692,0.0387794731552112,0.0253790794340974,0.0314262779629322,0.0403748745968917,0.0177288530831641,0.03795086141655,0.0143857397666331,0.0275040650126133,0.00965273863347757,0.00719004865566533,0.00833302700503975,0.00777884210263897
"74","FT470",37.33,40.77,0.0556747093460866,0.053178874534584,0.0548051798007379,0.0429014310499692,0.0387794731552112,0.0253790794340974,0.0314262779629322,0.0403748745968917,0.0177288530831641,0.03795086141655,0.0143857397666331,0.0275040650126133,0.00965273863347757,0.00719004865566533,0.00833302700503975,0.00777884210263897
"75","FT507",36.38,43.42,0.0561865218121394,0.0555604061145973,0.0512008605170851,0.0480777121702239,0.0469259442309069,0.0305197808893712,0.0226927746868821,0.0300829827414195,0.0301232397717567,0.0211157637093537,0.0129688975835043,0.0274608153936425,0.0194647463118073,0.0107131155411008,0.00991975001986448,0.019484733749746
"76","FT512",35.61,35.82,0.0336418251559773,0.0327839683026741,0.0313296049023386,0.0235730563704457,0.0200784927829529,0.0223317236044278,0.0203115025659845,0.0127146781802644,0.0219151916465394,0.0149963291648054,0.00758508385211491,0.00914640145736726,0.0101012273789382,0.00902900426386425,0.0147995679842204,0.00803288779230093
"77","FT566",38.42,56.68,0.0602577832760156,0.0548242230759784,0.0495625077814869,0.0434547056878791,0.0380200188684585,0.0298808195316962,0.0223829133773634,0.0170657965183125,0.0350823471443578,0.0195699418257396,0.0350069265643898,0.0169459971965609,0.0128289085888719,0.00325998186985985,0.00457251585542226,0.0101212877455643
"78","FT567",41.05,61.88,0.0599132985048642,0.0627301533722844,0.0552941723733077,0.0484097354524687,0.0410256423710371,0.0362608926900025,0.0284423973812956,0.0146707820137441,0.0132436292932685,0.00843833276701374,0.0158560966781742,0.00757295225917228,0.00709132093222361,0.00523067593799381,0.00818833245475795,0.00608755110576211
"79","FT568",34.5,63.18,0.0548964564503931,0.0475342089121274,0.0449172322899136,0.0384603274228772,0.0314288888619442,0.0273338720318069,0.0220614242491022,0.0150191722429018,0.011438037899397,0.00684511494229895,0.0136178149561076,0.00952479869943482,0.00826226702065568,0.00437484088156107,0.00457436949041655,0.00600240272154712
"80","FT572",30.67,35.63,0.0415249860040425,0.0403868361606833,0.0395037785036205,0.0308104239240404,0.0258610613062993,0.0200760380702151,0.0162392816041571,0.0114789310266648,0.00952016317787444,0.0114209322593938,0.0101759441694611,0.00686989389271744,0.0043069700206044,0.00644850113146772,0.00375674794418494,0.00734397719395041
"81","FT578",40.65,43.1,0.0428890563124164,0.0458749857233152,0.0398371173417648,0.0308884761787543,0.0261243479072783,0.0174183475484547,0.0152483322997995,0.0180747994752339,0.0159025322706828,0.00827628730117336,0.0101148242717195,0.0109805878958456,0.00935826355501362,0.00822293068933335,0.0055465748820671,0.0112679599967921
"82","FT581",37.97,41.72,0.0462484346322735,0.0488631373040352,0.0430689360984231,0.0376091402594424,0.0331203541135437,0.0229638797460318,0.016714905902554,0.0189104582536868,0.0192669120613901,0.00978179793460596,0.0144942357782912,0.00992239883380062,0.00917544585606094,0.00554375338984404,0.00787578677180468,0.00674590869354755
"83","FT592",37.07,41.09,0.0556747093460866,0.053178874534584,0.0548051798007379,0.0429014310499692,0.0387794731552112,0.0253790794340974,0.0314262779629322,0.0403748745968917,0.0177288530831641,0.03795086141655,0.0143857397666331,0.0275040650126133,0.00965273863347757,0.00719004865566533,0.00833302700503975,0.00777884210263897
"84","FT613",32.55,49.83,0.0530125091613732,0.0543496897024007,0.0501598385396917,0.0419782233667641,0.0388236790955458,0.0337020783736329,0.0265710270881329,0.0299282042111944,0.0421907369349616,0.0340571029644373,0.023305399639425,0.0242447963604276,0.010680414312979,0.00789313505124974,0.00887908959452867,0.00643850285148508
"85","FT611",35.5,51.25,0.0482572807318509,0.0495335050813078,0.0470205368225469,0.0382380508543138,0.0324715701046187,0.0253243566044497,0.0179762365794589,0.012638628871037,0.0221617621825742,0.00603485338332663,0.00931120655324721,0.0115897020637961,0.0102625032490285,0.0112384132564248,0.00771821711101498,0.0145675547261433
"86","FT604",36.08,43.17,0.0561865218121394,0.0555604061145973,0.0512008605170851,0.0480777121702239,0.0469259442309069,0.0305197808893712,0.0226927746868821,0.0300829827414195,0.0301232397717567,0.0211157637093537,0.0129688975835043,0.0274608153936425,0.0194647463118073,0.0107131155411008,0.00991975001986448,0.019484733749746
"87","FT595",36.33,42.17,0.0561865218121394,0.0555604061145973,0.0512008605170851,0.0480777121702239,0.0469259442309069,0.0305197808893712,0.0226927746868821,0.0300829827414195,0.0301232397717567,0.0211157637093537,0.0129688975835043,0.0274608153936425,0.0194647463118073,0.0107131155411008,0.00991975001986448,0.019484733749746
"88","FT584",36.97,40.5,0.0556747093460866,0.053178874534584,0.0548051798007379,0.0429014310499692,0.0387794731552112,0.0253790794340974,0.0314262779629322,0.0403748745968917,0.0177288530831641,0.03795086141655,0.0143857397666331,0.0275040650126133,0.00965273863347757,0.00719004865566533,0.00833302700503975,0.00777884210263897
"89","HOR1192",38.29,29.01,0.0332511144566218,0.0304969489876389,0.0308096785120948,0.0258843217670457,0.0214180273173533,0.0187732110213422,0.0155263064311191,0.0183485203191616,0.0277521701703222,0.0259584606943817,0.00889167342790185,0.0117294671017164,0.0164523227424827,0.00914648939502788,0.0179754789979301,0.0143116397730519
"90","HOR742",43.87,18.42,0.0288797640376583,0.0255766305737886,0.0273201270153827,0.0237393304411447,0.0240570451841671,0.0197949985918277,0.0144127559719418,0.016131970606332,0.0288403020997442,0.0145370075150047,0.00746256001506958,0.0097855330706914,0.0126331902929576,0.0107631218061546,0.0125780073913777,0.0323859485760658
"91","HOR2777",37.63,47.8,0.0441408634473189,0.0465950158744915,0.0405722795047377,0.0317268174986634,0.027188047880403,0.0237387722641101,0.0149130035008743,0.0128959405254922,0.0134808793594435,0.00701934816044598,0.0162124601693734,0.0168699902310375,0.00974277164597227,0.00832694797516881,0.00750538556587441,0.0138848639650323
"92","HOR1431",34.86,71.14,0.0437933817175375,0.0459974820285,0.0411889361075946,0.0377811148482785,0.0263036415782964,0.0179423777745451,0.0137051886243829,0.0100822532333586,0.00875893838234611,0.0100766781717277,0.00751392769327784,0.00937524149415734,0.00665974893820225,0.00438739265590437,0.00497112997263275,0.00666758339239123
"93","HOR5702",7.67,36.83,0.0359042720620858,0.0404646066000985,0.0369308704072311,0.0356073496750889,0.028504751469063,0.0224194852521016,0.0180770752936138,0.0077479312496343,0.00689136768053302,0.00638761529338571,0.00656674879183086,0.00543651705930288,0.00502041292365113,0.00648971115379184,0.00278553492859251,0.00399227428182901
"94","FT628",32.6,36.38,0.0537501354709112,0.0535177644274475,0.0497333418984827,0.0453853044113502,0.0406759166602253,0.0318036935254717,0.0232775246394611,0.0165348000188742,0.0126030914888632,0.00862894011000217,0.0136439388646278,0.0178510481924563,0.00711723234410909,0.0162300249596692,0.00785490470035539,0.00708225932554423
"95","HOR8826",49.42,20.96,0.035854227832112,0.0268247855760549,0.0275675771529517,0.0241025023975023,0.02277057229737,0.0156283581121677,0.016657474540525,0.0162704834187509,0.0245748149730577,0.0193244289874264,0.00536092646653955,0.0077949004774403,0.0157607397331348,0.0140070316346687,0.00772752440824299,0.0155725292560182
"96","FT582",37.09,42.1,0.0561865218121394,0.0555604061145973,0.0512008605170851,0.0480777121702239,0.0469259442309069,0.0305197808893712,0.0226927746868821,0.0300829827414195,0.0301232397717567,0.0211157637093537,0.0129688975835043,0.0274608153936425,0.0194647463118073,0.0107131155411008,0.00991975001986448,0.019484733749746
"97","FT626",32.1,35.72,0.0415249860040425,0.0403868361606833,0.0395037785036205,0.0308104239240404,0.0258610613062993,0.0200760380702151,0.0162392816041571,0.0114789310266648,0.00952016317787444,0.0114209322593938,0.0101759441694611,0.00686989389271744,0.0043069700206044,0.00644850113146772,0.00375674794418494,0.00734397719395041
"98","FT627",32.02,35.9,0.0415249860040425,0.0403868361606833,0.0395037785036205,0.0308104239240404,0.0258610613062993,0.0200760380702151,0.0162392816041571,0.0114789310266648,0.00952016317787444,0.0114209322593938,0.0101759441694611,0.00686989389271744,0.0043069700206044,0.00644850113146772,0.00375674794418494,0.00734397719395041
"99","HOR8842",37.57,-6.75,0.0243711983852408,0.0252541395517073,0.030329087847748,0.0285527856110596,0.0289877664082249,0.0202037576705364,0.0171348145531522,0.0350064040746154,0.0110872315425315,0.00645133964318545,0.0246981443089259,0.0262519720530575,0.0233666183524919,0.00895517708025711,0.0277219578863328,0.00394941497986261
"100","HOR454",40.65,27.92,0.0301140137255536,0.0281031927906695,0.0288088706907238,0.0254719950851433,0.0173273345095098,0.0166965410822557,0.0197590914370522,0.0219015189050315,0.0293458605736615,0.0332134668989287,0.00528113896927157,0.0109117226487513,0.0205195008881689,0.0161828612138582,0.00405796372448531,0.00629255727144398
"101","HOR7436",49.36,18.89,0.035854227832112,0.0268247855760549,0.0275675771529517,0.0241025023975023,0.02277057229737,0.0156283581121677,0.016657474540525,0.0162704834187509,0.0245748149730577,0.0193244289874264,0.00536092646653955,0.0077949004774403,0.0157607397331348,0.0140070316346687,0.00772752440824299,0.0155725292560182
"102","HOR3938",28.21,-16.78,0.0213512324526431,0.0216414520430154,0.0235001954519159,0.0333916745648982,0.0203910727087309,0.0211902680330154,0.0124258279191464,0.0109641914110737,0.00616948952253158,0.00604218703598795,0.00657943939590115,0.00764839569180215,0.00572208477013987,0.00551212730592213,0.00572664566442485,0.00388183282439132
"103","FT590",35.01,36.7,0.0564561141105342,0.0548483821707907,0.0520832092701896,0.0421583386247124,0.040949023353743,0.0293409086136778,0.0223803918204938,0.0167676545284732,0.0117594318360752,0.0203752054414231,0.0299897926160609,0.00964005429430384,0.00791266822240841,0.00887084767463654,0.00808217596326296,0.00591708130838926
"104","FT589",35.03,37.01,0.0564561141105342,0.0548483821707907,0.0520832092701896,0.0421583386247124,0.040949023353743,0.0293409086136778,0.0223803918204938,0.0167676545284732,0.0117594318360752,0.0203752054414231,0.0299897926160609,0.00964005429430384,0.00791266822240841,0.00887084767463654,0.00808217596326296,0.00591708130838926
"105","BCC1481",61.78,34.35,0.0270942401076515,0.0277920817633714,0.0288372885912295,0.0275335889446696,0.0243026635371378,0.0355240201999187,0.0353570976486517,0.0280249044657444,0.0310616193407517,0.00894945014461469,0.0299634643693253,0.03599733290245,0.0327511363018233,0.0096079894971404,0.030112996992748,0.0101734996654718
"106","BCC190",36.83,40.07,0.0556747093460866,0.053178874534584,0.0548051798007379,0.0429014310499692,0.0387794731552112,0.0253790794340974,0.0314262779629322,0.0403748745968917,0.0177288530831641,0.03795086141655,0.0143857397666331,0.0275040650126133,0.00965273863347757,0.00719004865566533,0.00833302700503975,0.00777884210263897
"107","HOR11403",31.1,77.17,0.0421035549592155,0.0450180810232796,0.0470314706480521,0.0385117333124704,0.0337207476959696,0.0245401309161335,0.0218840799760619,0.0169702005400929,0.0161103081656623,0.0156118932973941,0.0114233065886672,0.0116229406680162,0.0108342533334389,0.0112059854575617,0.012253154642387,0.0119530514851919
"108","FT519",31,112,0.0317140446692475,0.0312044403126073,0.0322215305907579,0.0306802753347979,0.0278843055285495,0.0224792663959885,0.0212302736649151,0.014157967890613,0.0119159413421409,0.00954163495693547,0.00964407270451424,0.00898141119327395,0.0140813913136822,0.00781600318775916,0.0043380507921748,0.00594888624318326
"109","BCC131",32.05,-3.05,0.0455307772995143,0.0442974701970121,0.0430470442726706,0.0407418312695193,0.0456400044798705,0.0428988021655028,0.0363158680431133,0.0291222258246965,0.0236029919272461,0.0377853689976081,0.0171556848252051,0.0309115697455025,0.0185011702082898,0.014883981508469,0.0281139679915048,0.0159549304620809
"110","BCC192",36.38,38.96,0.0556747093460866,0.053178874534584,0.0548051798007379,0.0429014310499692,0.0387794731552112,0.0253790794340974,0.0314262779629322,0.0403748745968917,0.0177288530831641,0.03795086141655,0.0143857397666331,0.0275040650126133,0.00965273863347757,0.00719004865566533,0.00833302700503975,0.00777884210263897
"111","BCC1487",42.98,47.5,0.0353324261557877,0.0309461020365436,0.0293492948537548,0.024771788826909,0.0222547499585892,0.0182679786659694,0.0168383191835619,0.0227975797828577,0.026423858162,0.0200519747557006,0.0109216464067004,0.0198131507004555,0.0126327214376222,0.0129925718650062,0.00887999087778548,0.0199668778338315
"112","BCC195",33.82,36.54,0.0537501354709112,0.0535177644274475,0.0497333418984827,0.0453853044113502,0.0406759166602253,0.0318036935254717,0.0232775246394611,0.0165348000188742,0.0126030914888632,0.00862894011000217,0.0136439388646278,0.0178510481924563,0.00711723234410909,0.0162300249596692,0.00785490470035539,0.00708225932554423
"113","HOR8113",39.25,29.5,0.0332511144566218,0.0304969489876389,0.0308096785120948,0.0258843217670457,0.0214180273173533,0.0187732110213422,0.0155263064311191,0.0183485203191616,0.0277521701703222,0.0259584606943817,0.00889167342790185,0.0117294671017164,0.0164523227424827,0.00914648939502788,0.0179754789979301,0.0143116397730519
"114","FT226",31.78,35.22,0.0415249860040425,0.0403868361606833,0.0395037785036205,0.0308104239240404,0.0258610613062993,0.0200760380702151,0.0162392816041571,0.0114789310266648,0.00952016317787444,0.0114209322593938,0.0101759441694611,0.00686989389271744,0.0043069700206044,0.00644850113146772,0.00375674794418494,0.00734397719395041
"115","HOR10152",26.23,14.88,0.0565109791756996,0.0552406102454795,0.0499592677481715,0.0418681887114174,0.0350696909759876,0.0316361249746998,0.015477018865455,0.0105067009213993,0.0130556938932482,0.0291948754378914,0.0406800954944375,0.00684211323273308,0.00751730761138847,0.00368390635699626,0.00371503990240194,0.0107279879792979
"116","HOR8827",49.63,20.6,0.035854227832112,0.0268247855760549,0.0275675771529517,0.0241025023975023,0.02277057229737,0.0156283581121677,0.016657474540525,0.0162704834187509,0.0245748149730577,0.0193244289874264,0.00536092646653955,0.0077949004774403,0.0157607397331348,0.0140070316346687,0.00772752440824299,0.0155725292560182
"117","HOR1463",35.91,71.31,0.0409530889348602,0.0436236690936427,0.0450838816756818,0.0378940446632722,0.0326107391319722,0.0204349075631315,0.0170636640361851,0.0116931234255496,0.013963872849065,0.00902614957278885,0.00736474998245725,0.00840015049364844,0.0104449901495972,0.0111218511668395,0.0104472817075854,0.00892982727361603
"118","HOR6360",7.47,36.88,0.0133280753568634,0.0345728521361805,0.0302006102369857,0.0223570560548643,0.020919792867564,0.0180978905257797,0.0147051581623133,0.015291202014259,0.0153635466185286,0.0143711560463171,0.00914057924561885,0.0154647049392119,0.0146085146139466,0.00590642472596085,0.0084455625004107,0.00760401846788102
"119","BCC126",31.37,-5.79,0.0456278463426856,0.0449974433198867,0.043149402120334,0.0402629023353336,0.0448441510036392,0.0404426994271218,0.0343793278583685,0.0308915863418575,0.0185405896363405,0.0238616299953329,0.0198522684387341,0.0333977603633443,0.0321690519686169,0.0150193794153293,0.0281924493444298,0.0151110647838928
"120","BCC003",34.63,65.75,0.0486885272861832,0.045964229363794,0.0436113260852265,0.0356791841873199,0.0286825645887256,0.023202917930976,0.0201592250823522,0.0142401135172549,0.00443202881964412,0.00796768700859513,0.00834144551386918,0.00939212389956938,0.00873426062126712,0.00311298695368148,0.00516929917756786,0.00597454640781267
"121","BCC167",22.67,57.33,0.0242806450595322,0.0261736234576133,0.0339485043189289,0.0283245654086229,0.0260468458802784,0.0225066858560408,0.0354407997853537,0.0224678515661908,0.0189301429728729,0.0159221491480404,0.0227214109173897,0.0168960130168501,0.048423413177413,0.0582966831875917,0.0154076736543485,0.015361042585178
"122","BCC182",36.3,73.37,0.0385615125841991,0.0416233866080957,0.0432662153251955,0.0418872931136294,0.0335872230975107,0.0282501075864691,0.0190770718642245,0.00662770800574783,0.0111880734954592,0.021619088426438,0.00435989856530763,0.0198764624367886,0.0254745553080383,0.0239952621380886,0.00849717707915032,0.0228781105085723
"123","BCC197",36.12,36.46,0.0511884892590748,0.0479262143873521,0.0465585118369493,0.0397984226195489,0.0363773285672269,0.0247575977182891,0.0178832972298581,0.0365715273953394,0.0166856775187391,0.0271591561881441,0.017902406369622,0.0104573996355877,0.0122490351222801,0.0145889391178914,0.00656171724726522,0.00827754676804201
"124","BCC761",28.36,83.74,0.0449109687018956,0.0445029595523085,0.0454691856727418,0.0437627518916097,0.0407494213104572,0.0345687651944305,0.0296726857912179,0.0048597617303686,0.0147094235907697,0.0180134723702269,0.0122606439634309,0.00253622739857919,0.00172433361343368,0.0021314704711241,0.00350441679849263,0.00857490674108318
"125","BCC1488",51,142.64,0.0432824612486714,0.0466032998413513,0.0484986620649426,0.0471672196340411,0.0411005113793183,0.0388990387856083,0.0382331314151775,0.0337580402269437,0.0245182429091992,0.00529378960246362,0.0069538300177201,0.00592074857885119,0.00569516112580374,0.0313018386093037,0.00544980929967501,0.00622320275789734
"126","BCC1503",37.94,58.38,0.0607713626994532,0.0550713456083944,0.0496576148406625,0.0437274469131281,0.0383586581969358,0.030058857473143,0.0226223080220496,0.016297870015456,0.0338066991127484,0.0183535800151513,0.0337375764775834,0.0158957374404407,0.0116801550817633,0.00292352463423186,0.00513913166585287,0.0113928890652203
"127","BCC1494",50.3,57.18,0.0374056763686701,0.0402918975087348,0.0420439473955406,0.0469047779819341,0.0400870928774135,0.0330488314631518,0.0225817668262617,0.0148093484070138,0.00989362015242102,0.00660988394874473,0.00931765908485754,0.0174525296017455,0.0109813742904507,0.0185293557961738,0.00879765039721264,0.0102981188086398
"128","HOR1804",35,71.15,0.0437933817175375,0.0459974820285,0.0411889361075946,0.0377811148482785,0.0263036415782964,0.0179423777745451,0.0137051886243829,0.0100822532333586,0.00875893838234611,0.0100766781717277,0.00751392769327784,0.00937524149415734,0.00665974893820225,0.00438739265590437,0.00497112997263275,0.00666758339239123
"129","HOR1842",36.27,72.38,0.0385615125841991,0.0416233866080957,0.0432662153251955,0.0418872931136294,0.0335872230975107,0.0282501075864691,0.0190770718642245,0.00662770800574783,0.0111880734954592,0.021619088426438,0.00435989856530763,0.0198764624367886,0.0254745553080383,0.0239952621380886,0.00849717707915032,0.0228781105085723
"130","BCC1589",37.93,12.73,0.01923603295969,0.031411489717322,0.0341511758455056,0.0318623601625377,0.0260027408882642,0.027859717285651,0.031467004438138,0.0258746575953347,0.0211455625707885,0.0183562554514153,0.0183168738806042,0.00738094724205468,0.0070065824945315,0.0164634169979246,0.0177351736047202,0.00790939511360499
"131","HOR2800",31.53,48.82,0.0478888574098997,0.0446248668037639,0.0409113270889342,0.0361577647842251,0.0326626413925801,0.0289362727021194,0.0219495787807961,0.0264506320616943,0.0508217923606381,0.0225681983763354,0.0230692649467308,0.0313298595531381,0.021094575751035,0.0189939212468739,0.0203627465093055,0.036293084873663
"132","HOR2829",34.58,48.82,0.0482572807318509,0.0495335050813078,0.0470205368225469,0.0382380508543138,0.0324715701046187,0.0253243566044497,0.0179762365794589,0.012638628871037,0.0221617621825742,0.00603485338332663,0.00931120655324721,0.0115897020637961,0.0102625032490285,0.0112384132564248,0.00771821711101498,0.0145675547261433
"133","FT411",46.31,7.85,0.0299992146767321,0.0282577886066759,0.0286098133799272,0.0241426449337708,0.0229641614936488,0.0138756659378004,0.0120511921707192,0.0122838980733612,0.00829262551385011,0.0116598642342857,0.0148943763874159,0.00865859201562749,0.0113900542085565,0.0148168708348914,0.00895047117650611,0.00697756995846379
"134","FT414",15.36,44.21,0.039982904113809,0.0414193150174373,0.0391445128163074,0.036264383507859,0.0341262266270505,0.023671559441399,0.0188675592626071,0.00832648719015715,0.00730827713015897,0.00694337286089518,0.003089944940265,0.00743051310340626,0.00201665448303591,0.00296676227991199,0.00292341363047824,0.00337546736017377
"135","HOR12830",36.7,38.09,0.0511884892590748,0.0479262143873521,0.0465585118369493,0.0397984226195489,0.0363773285672269,0.0247575977182891,0.0178832972298581,0.0365715273953394,0.0166856775187391,0.0271591561881441,0.017902406369622,0.0104573996355877,0.0122490351222801,0.0145889391178914,0.00656171724726522,0.00827754676804201
"136","FT524",39.5,126.4,0.0407596038718539,0.0443452403192352,0.0468575836016123,0.0455092261917367,0.0351575319336227,0.0322476285331578,0.0292388823684357,0.0150482052246132,0.0113717493983752,0.00897561616308622,0.00476310608564084,0.00811065276119845,0.00828414099609777,0.010579511774301,0.00586252620535769,0.00456668353086423
"137","FT539",37.57,44.28,0.0476849658060552,0.0501072086401916,0.0444929181592772,0.0370805361589346,0.0332620077550962,0.024596437276065,0.0176268144744527,0.0206550654405362,0.0190717745099694,0.00726665032016854,0.00555140557049583,0.0106256506368924,0.0072776934747646,0.00476469456206634,0.00536915268816788,0.0101729007840727
"138","FT520",42.82,75.28,0.0397294435342399,0.0388568270635052,0.0354872740100842,0.0369437144753787,0.0373804362746272,0.0221191902774072,0.0199010422928328,0.0123857464536385,0.0125303244057701,0.0105085055504385,0.00693048492404872,0.00458911277035277,0.00587408672106338,0.00511984970695095,0.00631320006426572,0.00385917865789888
"139","FT521",42.73,2.68,0.0256812960810854,0.0294487832631713,0.0312319498517715,0.0311572518595589,0.0256781062080908,0.0269136950698442,0.0225143144701343,0.0126613933113657,0.0156993972364562,0.025109441974025,0.0147331800361487,0.0122455845898036,0.0147886126239341,0.0247345043353779,0.00966748817603905,0.0128023753566668
"140","FT523",41.6,60.15,0.0575857344780763,0.0611716091127391,0.0534656691893817,0.0466058893765328,0.0391449933048647,0.0340597061621761,0.025784481155091,0.0139368483210483,0.01538560718341,0.00850204167005736,0.0181003669589543,0.00780333527368611,0.0081346789059928,0.0053232796116006,0.00760614162357501,0.00949889290974529
"141","BCC168",23.17,57.67,0.0321258563732396,0.0267882380605537,0.0277298712222679,0.0346557842484015,0.042030531835689,0.0137960551439293,0.0332069853558412,0.0249942187643213,0.022613380488797,0.0201471991935491,0.0273869069724851,0.0222646066078634,0.0488962859037724,0.0531771774497039,0.0569697439675688,0.0546242572728688
"142","HOR14153",12.04,18.79,0.0331711976869058,0.0266936687724198,0.0271459726783404,0.0303029753940398,0.0329015370850474,0.035868457232641,0.0350290234718985,0.0326246667347931,0.0315832393556663,0.0289220960781403,0.0259370184424434,0.0178914044288029,0.0205071927828906,0.0191756452434581,0.00975673642184336,0.0180691810881785
"143","HOR14279",14.7,39.43,0.03446755139139,0.0251401749936426,0.0248668772180097,0.0237870035934652,0.0233293548677449,0.024695345244874,0.0221805492419321,0.0212136674663978,0.0170281522228339,0.01521044551133,0.00850288195401104,0.00800457382451102,0.00795449935366133,0.00872625407511384,0.0056118065767929,0.0090043567973948
"144","FT553",31.77,35.23,0.0415249860040425,0.0403868361606833,0.0395037785036205,0.0308104239240404,0.0258610613062993,0.0200760380702151,0.0162392816041571,0.0114789310266648,0.00952016317787444,0.0114209322593938,0.0101759441694611,0.00686989389271744,0.0043069700206044,0.00644850113146772,0.00375674794418494,0.00734397719395041
"145","FT549",31.72,35.8,0.0415249860040425,0.0403868361606833,0.0395037785036205,0.0308104239240404,0.0258610613062993,0.0200760380702151,0.0162392816041571,0.0114789310266648,0.00952016317787444,0.0114209322593938,0.0101759441694611,0.00686989389271744,0.0043069700206044,0.00644850113146772,0.00375674794418494,0.00734397719395041
"146","FT554",37.33,68.67,0.0469911592358358,0.0430082044526595,0.0407851679406747,0.037986378966619,0.0250587345910276,0.0207770669797788,0.0178006592216162,0.013097308536093,0.00779107393837281,0.00918854475917358,0.00600255408512624,0.00710378520792648,0.00734404439998527,0.00506931339719251,0.0055422416248593,0.00666196096970604
"147","BCC42",34.22,-1.25,0.0387399038022485,0.0383336056052259,0.034099046890867,0.0254695197790246,0.0245703415547937,0.0192217860742093,0.0169200521566129,0.0271782931775734,0.0204897789904116,0.0177360824460558,0.0148649904828859,0.0166278085932738,0.0205903574203076,0.0294036273173254,0.0137066446208182,0.0243853035052252
"148","FT561",29.25,80.92,0.0457083745073027,0.040287854450735,0.0418268664872232,0.0400652744160882,0.0378846452539454,0.0410864316465595,0.0320795778405881,0.0238446431839158,0.0178785910373002,0.00960245375016686,0.0104560513675287,0.0120341654910254,0.00572272837659131,0.0116928617936653,0.0159711109439576,0.00555466495967699
"149","BCC21",28.31,30.71,0.0423918560687979,0.042503676884671,0.0348412142219605,0.0315069216923657,0.0262263007440365,0.020555592866499,0.0126089218241506,0.011081285443942,0.00533088319286986,0.0118582337150387,0.0110395161097478,0.0162425737896337,0.00928312010775158,0.0107950713054568,0.00465391184919541,0.00305157023592233
"150","FT555",39.18,41.17,0.0479358670740916,0.0452871994149738,0.0407919371897684,0.0347103445843925,0.0322567762363158,0.0234383603973942,0.0158245086323238,0.0250587747644976,0.0235123888609685,0.00954669462291494,0.009413634163864,0.0175800181802453,0.00807898074875963,0.0069174650533228,0.00673871511250642,0.0119516123632752
"151","BCC51",30.57,34.48,0.0415249860040425,0.0403868361606833,0.0395037785036205,0.0308104239240404,0.0258610613062993,0.0200760380702151,0.0162392816041571,0.0114789310266648,0.00952016317787444,0.0114209322593938,0.0101759441694611,0.00686989389271744,0.0043069700206044,0.00644850113146772,0.00375674794418494,0.00734397719395041
"152","BCC107",33.93,36.1,0.0432957199917976,0.043234316122175,0.0354425779587309,0.0315494607857969,0.023739668025633,0.0242412719613892,0.0211286759163156,0.018082418926467,0.0143252576172655,0.0186375910301015,0.0178662646453716,0.0101896887242985,0.0112445533292807,0.012477237959651,0.015553769146512,0.013273028691403
"153","BCC103",32.12,36.27,0.053111876268649,0.0530953254625489,0.0444299590211148,0.0399180611406965,0.037170690088701,0.0287571958882085,0.0206213783872389,0.0105558496209659,0.00627557007175484,0.0117253756796232,0.00973257776641486,0.00612458356540442,0.0116871248325357,0.0156963653515572,0.00713475430089739,0.00772987873319149
"154","BCC105",31.28,35.83,0.0415249860040425,0.0403868361606833,0.0395037785036205,0.0308104239240404,0.0258610613062993,0.0200760380702151,0.0162392816041571,0.0114789310266648,0.00952016317787444,0.0114209322593938,0.0101759441694611,0.00686989389271744,0.0043069700206044,0.00644850113146772,0.00375674794418494,0.00734397719395041
"155","HOR12762",38.28,67.9,0.0509523204133991,0.0484456229717673,0.0456661192499881,0.0427441628199194,0.0313868367540127,0.0256067557053206,0.0220481516512143,0.0160650486046634,0.0135014572207809,0.0123685648843085,0.0140585646771854,0.00828377139339347,0.00933342951976656,0.00594054838173071,0.0074262967278443,0.00725360580511737
"156","FT630",33.47,35.87,0.0432957199917976,0.043234316122175,0.0354425779587309,0.0315494607857969,0.023739668025633,0.0242412719613892,0.0211286759163156,0.018082418926467,0.0143252576172655,0.0186375910301015,0.0178662646453716,0.0101896887242985,0.0112445533292807,0.012477237959651,0.015553769146512,0.013273028691403
"157","FT631",33.93,36.1,0.0432957199917976,0.043234316122175,0.0354425779587309,0.0315494607857969,0.023739668025633,0.0242412719613892,0.0211286759163156,0.018082418926467,0.0143252576172655,0.0186375910301015,0.0178662646453716,0.0101896887242985,0.0112445533292807,0.012477237959651,0.015553769146512,0.013273028691403
"158","FT632",37.08,42.07,0.0561865218121394,0.0555604061145973,0.0512008605170851,0.0480777121702239,0.0469259442309069,0.0305197808893712,0.0226927746868821,0.0300829827414195,0.0301232397717567,0.0211157637093537,0.0129688975835043,0.0274608153936425,0.0194647463118073,0.0107131155411008,0.00991975001986448,0.019484733749746
"159","FT657",29.61,52.52,0.0389226682004003,0.037133207713422,0.0345011484633284,0.0255615664182438,0.0276919837247907,0.0166344858133812,0.0501872866389405,0.0255445208259249,0.0154687602434256,0.0120758645466835,0.0104290031848084,0.0480576603495277,0.0225238358762814,0.0467942897535154,0.0219137807879484,0.0225046132029367
"160","FT658",35.37,43.2,0.0602269680763505,0.0575846895818211,0.0547038923298627,0.0456994263083741,0.0434996271274667,0.0283758933908922,0.0303718225033036,0.0393633127485632,0.0394671802663322,0.0574881510254151,0.0524721715690951,0.0149279221761126,0.008188566689721,0.0127117588185879,0.0148527676510747,0.0201333991836829
"161","FT660",36.75,45.7,0.0476849658060552,0.0501072086401916,0.0444929181592772,0.0370805361589346,0.0332620077550962,0.024596437276065,0.0176268144744527,0.0206550654405362,0.0190717745099694,0.00726665032016854,0.00555140557049583,0.0106256506368924,0.0072776934747646,0.00476469456206634,0.00536915268816788,0.0101729007840727
"162","FT661",38.5,47.2,0.0416826231118243,0.0452217848644852,0.034542578093716,0.0267205443837998,0.0230171432100594,0.0178467412755356,0.015902470932577,0.0142128099568636,0.016987196348051,0.0116740471599227,0.0172847890480109,0.0092756030898465,0.0121105271422382,0.00595900258587282,0.0162982929045698,0.0110298553771884
"163","FT735",37.79,39.96,0.0556747093460866,0.053178874534584,0.0548051798007379,0.0429014310499692,0.0387794731552112,0.0253790794340974,0.0314262779629322,0.0403748745968917,0.0177288530831641,0.03795086141655,0.0143857397666331,0.0275040650126133,0.00965273863347757,0.00719004865566533,0.00833302700503975,0.00777884210263897
"164","HOR10551",37.58,13.75,0.01902671072716,0.0435933406625225,0.0316149426564324,0.0293440481012512,0.0288947309089431,0.0289871062006735,0.0279149559424866,0.0189720941983782,0.0308759014475974,0.0085113492160845,0.0188411292966101,0.0161573241652452,0.017050371524919,0.0182562101567641,0.0167756813143967,0.00806572210181422
"165","HOR2766",24.05,23.31,0.0517940018387519,0.0432652602577409,0.0392484732159434,0.0354828595934669,0.0307624057034623,0.0433815641129573,0.0197481196638664,0.0087984869902098,0.009215108985388,0.00399714451237223,0.0124434271533961,0.00922304243245262,0.00784466073914664,0.00396744555572953,0.00235867616845889,0.00514637703036987
"166","FT880",35.27,47.03,0.0490974796559407,0.0511175636912261,0.0439320669295425,0.0435060605945116,0.0338497146440929,0.0268273488968893,0.0231113947905546,0.0304636525292956,0.0306389529649829,0.0173053529419632,0.0118930920567175,0.0223126804169569,0.0167030126583785,0.011820474707538,0.0103341142290071,0.0157258834595067
"167","FT879",34.53,45.94,0.0574131073146403,0.0547119705369612,0.0490861717859934,0.0437547230264189,0.0414786723998423,0.0313512746271556,0.0354579926436596,0.0441830116613933,0.0490698444569348,0.0492068309411892,0.0518924464562141,0.0346475179174258,0.0117335153610557,0.0160913641417383,0.0146592194492743,0.0181347526949244
"168","FT748",37.32,37.73,0.0511884892590748,0.0479262143873521,0.0465585118369493,0.0397984226195489,0.0363773285672269,0.0247575977182891,0.0178832972298581,0.0365715273953394,0.0166856775187391,0.0271591561881441,0.017902406369622,0.0104573996355877,0.0122490351222801,0.0145889391178914,0.00656171724726522,0.00827754676804201
"169","FT733",36.26,36.47,0.0511884892590748,0.0479262143873521,0.0465585118369493,0.0397984226195489,0.0363773285672269,0.0247575977182891,0.0178832972298581,0.0365715273953394,0.0166856775187391,0.0271591561881441,0.017902406369622,0.0104573996355877,0.0122490351222801,0.0145889391178914,0.00656171724726522,0.00827754676804201
"170","FT731",37.42,37.28,0.0511884892590748,0.0479262143873521,0.0465585118369493,0.0397984226195489,0.0363773285672269,0.0247575977182891,0.0178832972298581,0.0365715273953394,0.0166856775187391,0.0271591561881441,0.017902406369622,0.0104573996355877,0.0122490351222801,0.0145889391178914,0.00656171724726522,0.00827754676804201
"171","FT878",34.44,46.02,0.0574131073146403,0.0547119705369612,0.0490861717859934,0.0437547230264189,0.0414786723998423,0.0313512746271556,0.0354579926436596,0.0441830116613933,0.0490698444569348,0.0492068309411892,0.0518924464562141,0.0346475179174258,0.0117335153610557,0.0160913641417383,0.0146592194492743,0.0181347526949244
"172","FT875",38.08,67.44,0.0509523204133991,0.0484456229717673,0.0456661192499881,0.0427441628199194,0.0313868367540127,0.0256067557053206,0.0220481516512143,0.0160650486046634,0.0135014572207809,0.0123685648843085,0.0140585646771854,0.00828377139339347,0.00933342951976656,0.00594054838173071,0.0074262967278443,0.00725360580511737
"173","FT885",38.62,68.61,0.0509523204133991,0.0484456229717673,0.0456661192499881,0.0427441628199194,0.0313868367540127,0.0256067557053206,0.0220481516512143,0.0160650486046634,0.0135014572207809,0.0123685648843085,0.0140585646771854,0.00828377139339347,0.00933342951976656,0.00594054838173071,0.0074262967278443,0.00725360580511737
"174","HOR4720",56.65,23.71,0.0348420564652371,0.0387047012182438,0.0411133028757556,0.0398863187077722,0.0327746265777116,0.0267216468251443,0.0230904028362756,0.0189537120161961,0.00864020685480807,0.00818706131371359,0.0122494483474083,0.00875462663698795,0.0152357223306052,0.0127695914171692,0.0114073711959154,0.0106105595787536
"175","FT871",40.07,67.69,0.0509179032089043,0.0476852270041437,0.0459394748295354,0.0398024014689152,0.0331840501100939,0.0290429575188584,0.0213731179153901,0.0126326864754684,0.0142322454094284,0.00847804694237602,0.0111463907399289,0.00650374897696834,0.00831276372231739,0.00705391777558411,0.00904197609215911,0.0108099219291001
"176","FT754",36.95,40,0.0556747093460866,0.053178874534584,0.0548051798007379,0.0429014310499692,0.0387794731552112,0.0253790794340974,0.0314262779629322,0.0403748745968917,0.0177288530831641,0.03795086141655,0.0143857397666331,0.0275040650126133,0.00965273863347757,0.00719004865566533,0.00833302700503975,0.00777884210263897
"177","HOR10627",34.83,42,0.0602269680763505,0.0575846895818211,0.0547038923298627,0.0456994263083741,0.0434996271274667,0.0283758933908922,0.0303718225033036,0.0393633127485632,0.0394671802663322,0.0574881510254151,0.0524721715690951,0.0149279221761126,0.008188566689721,0.0127117588185879,0.0148527676510747,0.0201333991836829
"178","FT741",37.68,41.45,0.0561865218121394,0.0555604061145973,0.0512008605170851,0.0480777121702239,0.0469259442309069,0.0305197808893712,0.0226927746868821,0.0300829827414195,0.0301232397717567,0.0211157637093537,0.0129688975835043,0.0274608153936425,0.0194647463118073,0.0107131155411008,0.00991975001986448,0.019484733749746
"179","FT671",33.83,35.92,0.0432957199917976,0.043234316122175,0.0354425779587309,0.0315494607857969,0.023739668025633,0.0242412719613892,0.0211286759163156,0.018082418926467,0.0143252576172655,0.0186375910301015,0.0178662646453716,0.0101896887242985,0.0112445533292807,0.012477237959651,0.015553769146512,0.013273028691403
"180","FT734",37.41,38.78,0.0556747093460866,0.053178874534584,0.0548051798007379,0.0429014310499692,0.0387794731552112,0.0253790794340974,0.0314262779629322,0.0403748745968917,0.0177288530831641,0.03795086141655,0.0143857397666331,0.0275040650126133,0.00965273863347757,0.00719004865566533,0.00833302700503975,0.00777884210263897
"181","FT746",36.98,36.73,0.0511884892590748,0.0479262143873521,0.0465585118369493,0.0397984226195489,0.0363773285672269,0.0247575977182891,0.0178832972298581,0.0365715273953394,0.0166856775187391,0.0271591561881441,0.017902406369622,0.0104573996355877,0.0122490351222801,0.0145889391178914,0.00656171724726522,0.00827754676804201
"182","FT747",36.87,36.95,0.0511884892590748,0.0479262143873521,0.0465585118369493,0.0397984226195489,0.0363773285672269,0.0247575977182891,0.0178832972298581,0.0365715273953394,0.0166856775187391,0.0271591561881441,0.017902406369622,0.0104573996355877,0.0122490351222801,0.0145889391178914,0.00656171724726522,0.00827754676804201
"183","FT248",31.68,48.58,0.0565851193969331,0.0512970149556948,0.0556384416703814,0.0459342745740769,0.0467760072676817,0.0377194587056466,0.038565209053732,0.0535353756972061,0.0280301036119983,0.0377900463586064,0.0592709790438326,0.0293363750468338,0.0275358247895916,0.0354990085942711,0.0427642710665318,0.0474221253523289
"184","FT389",30.97,101.15,0.0456929301785955,0.0459580431984263,0.0450300848634319,0.0437803129141465,0.0426266254443637,0.0462282662755574,0.0433223897610359,0.0393012291107151,0.0372584919840427,0.0306640607407456,0.0273398989615094,0.0353938502932373,0.0358315234900725,0.0356586575753714,0.0318144973612297,0.0344414706909153
"185","FT222",32.97,35.42,0.0432957199917976,0.043234316122175,0.0354425779587309,0.0315494607857969,0.023739668025633,0.0242412719613892,0.0211286759163156,0.018082418926467,0.0143252576172655,0.0186375910301015,0.0178662646453716,0.0101896887242985,0.0112445533292807,0.012477237959651,0.015553769146512,0.013273028691403
"186","HOR2351",34.77,113.65,0.0344805203181122,0.0419990234357447,0.0447489039686052,0.031161618593276,0.0308704315436701,0.0267927437283369,0.0156008659908044,0.0105558918892476,0.0139130383511182,0.00601560931769279,0.00504924224865428,0.00686732358573476,0.00719381571576551,0.00493220768828293,0.00806643876507726,0.00421304109314077
"187","SBCC002",42.85,-2.67,0.0299311195404166,0.0286579802599084,0.0296189876784214,0.0290138011627314,0.0263889791000979,0.0242036174902133,0.0208587450132719,0.0210224416213861,0.0342310171549834,0.00728277750114975,0.0173961767108903,0.0163361905993215,0.0232022865369866,0.0115139557339877,0.0327053968275029,0.0260308565058176
"188","SBCC144",28.8,-17.81,0.0245629467249983,0.0251227569877289,0.025869153822643,0.0325363760380737,0.0250737783699394,0.0279050316503523,0.0161276898004589,0.0122283817636562,0.00650015633431387,0.00546985916151096,0.00560507507855143,0.00668242029839424,0.00439842589633734,0.00422679030693132,0.00499718862486309,0.00345365512525747
"189","HOR154",31.42,73.08,0.038940294306236,0.0385594027587261,0.0314385940691978,0.0225790532157445,0.0314337146480182,0.0239420359825377,0.0537917232643427,0.0434536624506398,0.0112316104455346,0.015158698997513,0.0106529014107356,0.007021062555881,0.00555487011821977,0.00947587366403283,0.00187632661176003,0.00951940150127377
"190","BCC169",25.67,57.25,0.0207080537737493,0.0233046854364899,0.0232838530698983,0.0232114597571381,0.0197903446262445,0.0189700945486496,0.0338895490574984,0.0201625646231633,0.0184316507170797,0.0151920694575445,0.0222904511404916,0.0185904572757421,0.0250528664199271,0.0382081614845872,0.0190316565042321,0.0461846644448392
"191","HOR11317",31.72,35.19,0.0415249860040425,0.0403868361606833,0.0395037785036205,0.0308104239240404,0.0258610613062993,0.0200760380702151,0.0162392816041571,0.0114789310266648,0.00952016317787444,0.0114209322593938,0.0101759441694611,0.00686989389271744,0.0043069700206044,0.00644850113146772,0.00375674794418494,0.00734397719395041
"192","SBCC158",41.98,1.52,0.0256812960810854,0.0294487832631713,0.0312319498517715,0.0311572518595589,0.0256781062080908,0.0269136950698442,0.0225143144701343,0.0126613933113657,0.0156993972364562,0.025109441974025,0.0147331800361487,0.0122455845898036,0.0147886126239341,0.0247345043353779,0.00966748817603905,0.0128023753566668
"193","SBCC095",40.98,-6.85,0.0286505079832092,0.0273534562687593,0.0287937869254775,0.0277371119133553,0.0245361869293983,0.0209302435597402,0.0219204441978678,0.027578218408536,0.0118476726478133,0.0104516865297778,0.0231652260504059,0.0129969514480491,0.015668456308484,0.00770249477684987,0.0233758312985983,0.00931880931987929
"194","SBCC147",43.07,-4.77,0.0274398302952893,0.0256215054626907,0.0265253411358493,0.024979587044381,0.0208671027771588,0.0216148290305164,0.0142272311186221,0.0218579765990027,0.0234005276559491,0.00717894409392808,0.0126111328873416,0.0111884253408642,0.0176005787258207,0.00997319333228468,0.0183955637616939,0.0137671306670862
"195","BCC54",30.82,32.52,0.0400382367635201,0.0433626444127935,0.0351855353780462,0.0296025955226062,0.025633170499524,0.0234477420907051,0.0197311083653541,0.0178691001521923,0.0119400468350177,0.0137680102273062,0.00934328123237665,0.00593652017781943,0.00475030894039953,0.00469503522254964,0.0040017324449546,0.00596955008601367
"196","HOR2458",29.65,91.1,0.0281364793943063,0.0313399291949095,0.031394599801355,0.031318835926959,0.0261139389259564,0.0249063320355112,0.0243958472731656,0.0218853941880486,0.0235891963263124,0.0209601945742068,0.0258091677225041,0.0216433886017135,0.0214243206498246,0.0222307807110316,0.0205752506017635,0.0201730087269012
"197","SBCC003",40.63,-3.15,0.0276982446446876,0.0259878893629548,0.0267107515778581,0.0243383235819026,0.0217055589267103,0.0209463642380646,0.0217266027170619,0.0127271422729993,0.0281138053874469,0.0107054375316603,0.0305077386044268,0.0157831932302614,0.0210172030950905,0.0124708823923045,0.0330184372546147,0.0106788633264723
"198","BCC108",34.33,35.73,0.0336418251559773,0.0327839683026741,0.0313296049023386,0.0235730563704457,0.0200784927829529,0.0223317236044278,0.0203115025659845,0.0127146781802644,0.0219151916465394,0.0149963291648054,0.00758508385211491,0.00914640145736726,0.0101012273789382,0.00902900426386425,0.0147995679842204,0.00803288779230093
"199","SBCC014",37.53,-5.07,0.0335145931216497,0.0347740317499353,0.032979210913863,0.0330406644420797,0.0262777285210515,0.0251335642715351,0.0171172375588609,0.0397185387381058,0.0161282095140285,0.0145361572485587,0.00685154482407977,0.0469384738532239,0.0231073174681569,0.01346306013334,0.0147207183113274,0.0137129234113557
"200","HOR758",42,21.45,0.0339455324593039,0.0308607344881229,0.0306883961867777,0.0268461264284315,0.0254223147839691,0.017738817887183,0.018061950441434,0.0116048807106962,0.0224264505678525,0.0251947474099677,0.00869333419281971,0.0129975576280161,0.00995209976698454,0.0155673736614948,0.00776629051547146,0.0198975507724195
"201","FT525",37.03,37.99,0.0511884892590748,0.0479262143873521,0.0465585118369493,0.0397984226195489,0.0363773285672269,0.0247575977182891,0.0178832972298581,0.0365715273953394,0.0166856775187391,0.0271591561881441,0.017902406369622,0.0104573996355877,0.0122490351222801,0.0145889391178914,0.00656171724726522,0.00827754676804201
"202","HOR2465",29.65,91.1,0.0281364793943063,0.0313399291949095,0.031394599801355,0.031318835926959,0.0261139389259564,0.0249063320355112,0.0243958472731656,0.0218853941880486,0.0235891963263124,0.0209601945742068,0.0258091677225041,0.0216433886017135,0.0214243206498246,0.0222307807110316,0.0205752506017635,0.0201730087269012
"203","HOR2462",29.43,94.45,0.0397988476802502,0.0425536408860868,0.0440157638618757,0.0425033299941686,0.036873182981831,0.037836864051345,0.0357895136942418,0.0301155036174941,0.0174940767034744,0.0175395152080889,0.0154146618517996,0.0180316958846205,0.019842231248384,0.0216074905254118,0.0175814871692932,0.0197671972125743
"204","FT262",36.78,37.28,0.0511884892590748,0.0479262143873521,0.0465585118369493,0.0397984226195489,0.0363773285672269,0.0247575977182891,0.0178832972298581,0.0365715273953394,0.0166856775187391,0.0271591561881441,0.017902406369622,0.0104573996355877,0.0122490351222801,0.0145889391178914,0.00656171724726522,0.00827754676804201
"205","FT279",35.75,69,0.0437933817175375,0.0459974820285,0.0411889361075946,0.0377811148482785,0.0263036415782964,0.0179423777745451,0.0137051886243829,0.0100822532333586,0.00875893838234611,0.0100766781717277,0.00751392769327784,0.00937524149415734,0.00665974893820225,0.00438739265590437,0.00497112997263275,0.00666758339239123
"206","FT333",35.98,59.48,0.0551170791315942,0.0508203959870286,0.0482771928983929,0.0403961811637482,0.0348956519473432,0.0305920565297405,0.0231661151471238,0.0133197124541956,0.0261695644972374,0.00675012462856249,0.0250414342534259,0.00906219767031129,0.00920675569604583,0.00549757564365007,0.00490067507544425,0.00949007783131666
"207","FT873",38.31,66.63,0.0509523204133991,0.0484456229717673,0.0456661192499881,0.0427441628199194,0.0313868367540127,0.0256067557053206,0.0220481516512143,0.0160650486046634,0.0135014572207809,0.0123685648843085,0.0140585646771854,0.00828377139339347,0.00933342951976656,0.00594054838173071,0.0074262967278443,0.00725360580511737
"208","FT670",36.99,36.93,0.0511884892590748,0.0479262143873521,0.0465585118369493,0.0397984226195489,0.0363773285672269,0.0247575977182891,0.0178832972298581,0.0365715273953394,0.0166856775187391,0.0271591561881441,0.017902406369622,0.0104573996355877,0.0122490351222801,0.0145889391178914,0.00656171724726522,0.00827754676804201
"209","FT643",31.67,35.44,0.0415249860040425,0.0403868361606833,0.0395037785036205,0.0308104239240404,0.0258610613062993,0.0200760380702151,0.0162392816041571,0.0114789310266648,0.00952016317787444,0.0114209322593938,0.0101759441694611,0.00686989389271744,0.0043069700206044,0.00644850113146772,0.00375674794418494,0.00734397719395041
"210","FT886",38.34,69.24,0.0392471539828414,0.0421443491942398,0.034697155126557,0.0287588720967307,0.033226127437865,0.0195471128145539,0.0145974303473516,0.0114282931637155,0.00561796332757181,0.00816569507884554,0.00504723279428378,0.00448008585778762,0.00440998593857631,0.00411034155973557,0.00334704602462351,0.00489493249820182
"211","FT380",31.35,27.23,0.0413574108309502,0.0426994577123335,0.0414264998526493,0.029781565031308,0.0264221534996014,0.0248228204377834,0.0203673149111247,0.0190641807119332,0.0166471601988616,0.0120328588835897,0.00832130661140669,0.00486605797357882,0.00639229099465176,0.00523696718833823,0.0072975333454392,0.00874132581117587
"212","FT616",32.19,48.26,0.0565851193969331,0.0512970149556948,0.0556384416703814,0.0459342745740769,0.0467760072676817,0.0377194587056466,0.038565209053732,0.0535353756972061,0.0280301036119983,0.0377900463586064,0.0592709790438326,0.0293363750468338,0.0275358247895916,0.0354990085942711,0.0427642710665318,0.0474221253523289
"213","FT390",29.65,91.1,0.0281364793943063,0.0313399291949095,0.031394599801355,0.031318835926959,0.0261139389259564,0.0249063320355112,0.0243958472731656,0.0218853941880486,0.0235891963263124,0.0209601945742068,0.0258091677225041,0.0216433886017135,0.0214243206498246,0.0222307807110316,0.0205752506017635,0.0201730087269012
"214","FT388",29.65,91.1,0.0281364793943063,0.0313399291949095,0.031394599801355,0.031318835926959,0.0261139389259564,0.0249063320355112,0.0243958472731656,0.0218853941880486,0.0235891963263124,0.0209601945742068,0.0258091677225041,0.0216433886017135,0.0214243206498246,0.0222307807110316,0.0205752506017635,0.0201730087269012
"215","BCC185",24.63,46.72,0.0409483946865937,0.0424426701835855,0.0387116097212581,0.0378700558089933,0.0371285644720893,0.0264733888662845,0.0328737989379919,0.0271214528472906,0.0459031207930855,0.0191217849082952,0.0253090939317748,0.0506389519018157,0.0439675286511319,0.0515998648725945,0.043332795776981,0.0450818499175088
